1 2 5 3 31.6273
2 3 1 7 8293.5751
2 4 1 3 7.7417
4 13 3 4 77.8261
4 25 5 9 1964478.6811
5 6 7 1 8.465
5 9 2 1 3.5607
5 10 2 10 25168904.297
7 8 10 7 45532.5637
7 9 3 2 7.5468
7 11 10 4 239.3105
7 12 9 2 19.5447
10 35 6 10 26810056.4856
10 36 10 2 21.6426
11 13 10 10 32865673.1108
11 14 8 2 17.4851
12 19 2 6 1991.3239
12 14 10 2 22.3304
13 17 8 8 371256.3127
13 23 7 9 1440703.676
14 17 2 4 54.4486
14 20 1 8 27045.6267
15 16 1 8 28886.3483
15 35 7 9 1154168.0828
17 18 2 9 891331.0161
18 21 1 1 2.5785
18 24 10 1 11.6386
19 20 9 8 1032913.9203
19 37 3 10 19419208.4239
20 22 4 8 157740.0961
20 21 2 4 48.7215
21 27 5 6 2891.4224
21 28 9 2 19.4338
22 29 9 2 19.899
22 39 3 6 1930.882
22 41 8 7 32070.9355
23 26 6 10 8022979.9756
23 25 9 7 54289.4454
24 26 10 1 11.5863
24 536 7 10 9310172.1509
24 30 10 7 32280.344
25 292 9 9 2384498.2661
26 535 10 7 50654.252
27 28 4 2 9.6519
27 29 10 4 195.6426
28 540 10 2 21.4845
29 32 5 3 33.0617
29 33 7 3 43.0577
30 31 1 9 183678.3806
30 540 2 9 1199469.6411
32 46 2 9 599509.1532
32 47 6 9 2174430.9826
33 34 5 3 30.1487
33 542 6 5 884.6605
34 545 3 1 4.5448
34 47 4 8 68090.5651
36 55 5 8 490255.3367
37 38 7 5 864.1421
37 39 2 4 54.0299
38 42 7 9 7736480.7494
38 40 5 1 6.5414
39 40 7 8 173753.8154
40 43 2 7 8818.2748
40 41 1 8 43605.5177
41 46 8 2 17.9144
41 49 2 8 44635.3546
42 43 1 3 7.4781
42 52 9 10 25663472.4763
43 53 7 5 954.9627
43 50 2 3 14.6718
44 45 3 9 526291.0329
45 614 6 7 35036.9919
46 48 7 8 359172.6327
47 561 6 4 127.8074
47 559 4 9 438264.3943
48 49 9 8 183498.5476
49 50 3 9 725020.1337
49 51 7 6 5659.8018
50 54 10 7 34567.3731
51 54 2 6 932.7203
51 565 10 8 417933.2949
51 562 6 3 39.9061
52 53 7 9 964081.1793
53 55 7 5 776.8552
53 54 5 1 6.5058
55 56 3 4 72.5787
56 612 6 9 1060694.7289
57 58 8 3 46.0899
57 391 1 5 110.1471
57 403 7 8 105850.063
58 59 6 3 40.1481
59 60 2 6 988.6015
59 62 9 7 138453.9239
60 61 10 2 21.4963
60 71 7 8 153312.5784
61 68 1 4 23.2543
61 83 6 8 147845.3142
62 63 2 10 5200251.4589
62 67 4 9 1339592.1241
63 64 9 3 53.6985
63 65 4 2 9.609
64 66 5 1 6.5224
64 67 2 8 53121.498
65 411 3 5 422.3484
65 409 7 9 1322387.2426
65 410 7 5 1016.5809
65 86 4 5 427.7685
66 85 8 7 24599.8247
66 86 6 4 146.6334
66 70 5 4 114.5735
67 68 5 1 6.5033
67 70 4 9 1118991.2282
68 69 5 3 29.7708
69 83 3 5 374.6117
69 70 10 1 11.6936
69 84 7 10 7168329.1738
70 87 8 10 18382290.0923
71 72 9 9 1473977.5606
71 74 3 6 2466.1485
72 73 6 8 221402.52
72 77 4 4 90.7668
73 77 7 6 6108.213
73 79 8 6 4342.0043
74 75 2 4 53.4933
75 76 2 10 5147240.0538
75 80 4 8 93312.8549
76 77 5 5 581.2712
76 78 6 2 13.8437
78 107 7 9 2153518.5605
78 108 2 7 12888.6577
79 84 2 5 204.4926
79 107 3 9 1117546.6587
80 81 4 8 98361.8745
80 82 9 4 197.5955
81 95 3 8 88261.6901
81 108 7 8 252153.6485
81 109 8 4 186.7416
82 93 6 2 13.5585
84 88 9 9 5240456.5693
85 87 4 2 9.5832
85 89 8 6 4106.2305
85 90 4 3 24.4857
86 766 1 1 2.5887
86 90 8 10 13689203.9175
87 88 8 10 20725094.9267
87 112 6 9 3346815.2215
88 110 5 9 2663370.5946
89 112 3 6 3664.6188
89 123 2 2 5.6169
89 124 7 9 4012029.6842
90 779 10 9 1393318.8544
90 124 6 2 13.8368
91 92 5 10 49650390.11
91 94 9 2 19.2685
91 95 10 1 11.5135
92 93 2 3 12.461
92 102 2 1 3.5403
93 95 3 1 4.5142
94 103 10 6 6501.6398
94 106 8 3 48.432
94 173 7 5 854.6492
95 106 1 5 121.6279
96 97 8 3 48.9713
96 104 10 1 11.2349
96 169 6 4 149.1491
97 98 10 10 15793512.3556
98 99 2 6 2089.1771
99 101 5 4 114.9058
100 101 6 1 7.5136
100 164 2 2 5.5461
100 169 3 6 1783.7477
101 129 10 5 1022.4548
102 103 8 6 6039.1671
102 104 3 1 4.533
103 105 10 6 6366.9531
104 170 2 7 9453.3414
105 171 3 8 209510.9539
105 173 10 9 2948247.1011
105 174 3 6 1985.9795
106 109 3 3 19.1081
106 113 1 5 101.3132
107 110 8 2 17.4847
108 111 7 6 3761.1406
108 116 2 4 47.3459
109 116 4 9 607029.3134
109 118 8 9 2881928.3382
110 112 3 7 13620.1192
111 114 9 5 1299.3386
111 115 10 3 60.2204
112 122 9 9 2010654.2297
113 119 7 4 142.2314
113 120 10 9 1406248.3339
114 116 8 7 42685.0915
114 121 8 9 8655728.3898
115 122 8 4 214.915
115 121 3 10 3379111.5894
117 118 7 2 15.8002
117 120 8 10 59116093.2864
117 185 3 2 7.4872
117 186 5 8 619349.8493
120 173 9 3 55.5231
120 181 1 10 4465066.7452
121 125 10 6 6523.9238
121 128 5 7 170065.1013
122 123 8 8 295437.7496
122 125 2 1 3.5345
123 126 10 5 1220.1536
123 127 1 10 2310034.8795
124 820 1 7 6272.5909
124 127 9 5 1021.1833
125 126 2 2 5.6432
125 190 7 9 2793218.978
126 191 2 10 26976524.4495
126 192 9 5 1129.9805
127 822 6 10 12426508.3847
127 192 6 6 4217.1561
128 187 2 4 42.8134
128 190 8 1 9.5255
128 193 2 6 1427.6029
129 130 7 8 371547.8808
129 164 10 10 27854350.0756
130 131 2 6 1236.7801
130 132 3 2 7.6568
131 165 1 1 2.5697
131 150 8 10 15838581.404
132 133 4 7 29773.836
132 135 6 6 3654.7905
133 134 4 9 957646.9452
133 136 1 3 7.5138
134 135 8 9 4202537.4134
134 151 6 5 736.9764
135 150 4 2 9.5099
136 137 9 9 1775922.582
136 138 6 9 5173258.5426
137 155 5 2 11.488
137 1503 9 4 223.0498
138 146 6 10 10724363.0292
139 140 1 9 442549.7687
139 149 5 4 122.3118
139 147 5 5 624.6991
140 141 6 7 42783.2718
140 142 4 7 12713.4385
141 147 8 5 920.1578
141 153 3 7 10295.1552
142 143 3 2 7.8743
142 144 1 2 3.7315
143 152 6 10 10134703.1355
143 145 5 6 3439.3902
144 145 10 2 21.2937
145 1496 3 8 88565.0626
146 147 8 3 53.6991
146 148 4 7 16539.8479
148 149 6 3 38.1392
150 168 10 7 26813.4392
150 159 10 6 6476.0396
151 158 4 1 5.5109
151 159 4 7 27791.4665
152 153 2 9 458003.1954
152 154 8 6 4923.0403
153 155 6 2 13.9377
153 156 2 9 487681.2997
154 1498 2 6 1174.8573
154 1502 9 3 56.683
155 157 7 3 41.6526
156 1502 4 9 830084.9999
156 157 3 6 2224.5147
156 1521 4 3 26.7954
157 1503 2 7 7402.5226
158 160 3 9 1065648.072
158 161 8 1 9.2738
159 220 3 4 71.0604
160 162 6 9 1376000.7343
160 163 6 3 36.5073
161 220 10 7 40110.589
161 162 10 2 21.6574
162 221 10 9 3778909.37
162 229 9 9 3680473.7695
163 229 2 5 212.8379
164 165 2 2 5.5161
165 166 2 1 3.5314
166 167 9 7 27187.24
166 168 7 5 807.882
167 175 10 8 234451.0547
167 168 3 2 7.7296
169 172 9 4 216.3735
169 171 3 10 5599244.1494
172 175 8 7 60623.3217
172 174 2 10 4499260.6619
174 179 1 5 126.8996
174 181 8 4 213.7968
175 178 4 3 24.2097
175 176 2 10 5968508.4501
176 177 2 8 92256.3199
176 178 2 2 5.5345
176 222 6 2 13.4094
177 220 10 8 312855.921
177 221 9 6 6148.3017
178 179 7 2 15.6936
178 180 8 2 18.0447
179 182 2 6 1160.9483
180 183 5 6 4189.9682
180 222 5 6 2674.9394
181 182 10 7 38279.8464
182 197 1 7 7168.6678
182 184 10 3 61.8918
183 184 5 9 674066.259
183 224 9 2 19.8365
184 225 9 2 19.6237
184 204 5 6 2742.9235
184 228 4 10 7793571.1556
185 187 4 10 10195635.2899
185 188 6 6 3720.6134
186 198 7 9 2728546.2527
186 188 5 9 815198.1046
187 189 2 3 14.0113
188 189 2 2 5.6686
188 201 8 9 6213452.635
189 193 3 7 10197.5397
189 202 10 1 11.3921
190 191 3 4 74.3129
190 194 6 3 37.0598
191 195 6 2 13.6959
191 196 8 2 17.7673
192 827 7 4 140.8126
193 194 2 1 3.5147
193 207 7 7 32478.1927
194 195 8 4 221.3647
194 217 10 2 21.6624
195 208 1 7 4112.9892
195 209 5 9 1318819.4559
196 977 10 2 22.3203
196 210 5 7 27592.4808
197 198 10 7 73788.8062
197 199 9 3 55.4871
198 200 10 7 35164.9598
199 200 7 6 4229.2727
199 204 2 1 3.5474
200 203 2 9 488302.8345
201 203 7 9 1074759.4462
201 206 5 7 28273.3665
202 214 8 4 181.7467
202 234 9 6 6105.2304
203 205 1 5 114.8567
204 205 10 6 7688.5637
205 206 7 2 15.4144
206 234 10 4 241.3411
207 213 2 2 5.6819
207 214 5 10 8268098.6632
208 210 3 10 4135429.0712
208 211 6 9 849679.585
208 212 9 6 6688.7416
208 209 7 3 46.3077
209 218 8 4 199.298
210 828 2 4 49.17
211 988 3 7 14779.3658
211 212 6 8 209618.3947
212 989 6 1 7.5033
212 219 6 1 7.4001
213 215 3 6 2247.7816
213 216 8 4 199.9755
213 214 4 4 94.9654
214 237 10 7 37512.8784
215 217 8 2 17.9077
215 218 7 7 24673.9663
215 216 10 9 2334687.7055
216 238 4 4 89.6733
216 239 8 7 58201.8422
217 218 2 6 936.1167
218 219 4 3 25.621
219 238 9 7 37293.9646
219 992 10 1 11.4371
221 222 2 3 13.5932
222 223 2 10 28423388.7017
223 224 7 7 60049.0892
223 226 9 5 1307.9294
223 229 2 5 203.4528
224 225 4 8 221010.0459
225 227 2 10 4244441.9324
225 226 10 9 12090588.11
226 230 5 10 9756509.627
226 1529 1 9 748821.7687
227 228 4 2 9.6298
227 231 6 8 153820.4096
228 236 10 5 1166.8627
230 231 7 3 44.6083
230 1522 8 2 17.3104
231 233 3 2 7.572
232 233 4 2 9.3307
232 243 7 6 4283.1181
232 1531 7 2 15.681
234 235 10 10 17257859.0533
234 244 3 2 7.7158
235 237 4 4 92.6269
235 246 2 6 1586.7665
236 243 9 10 24139939.9739
236 244 4 3 26.5177
237 241 10 4 280.1273
237 249 5 6 3068.7686
238 240 1 9 169521.4214
238 239 3 1 4.5301
239 242 6 7 49188.8674
240 253 7 1 8.6087
240 1027 6 4 150.2514
241 251 1 8 31520.3841
241 242 5 2 11.6911
242 253 4 2 9.9368
242 252 8 8 206647.5864
243 247 1 4 25.7206
243 1539 5 1 6.5267
244 245 5 4 116.6725
245 246 10 6 7479.3629
245 247 6 8 230221.8663
246 249 8 1 9.5291
247 248 3 4 65.4574
248 249 6 6 3172.4525
248 250 5 5 490.7208
250 1539 6 8 161732.3283
250 1540 8 7 31875.7987
251 252 9 5 848.0796
251 257 8 4 221.0215
252 255 9 6 7411.766
253 254 7 10 6859141.1068
253 256 3 6 1647.0504
254 1033 9 10 27753124.5318
254 262 10 4 263.8358
255 256 5 9 1100706.8082
255 258 7 5 703.8164
256 261 10 1 11.3885
259 260 2 6 1086.7687
259 1540 4 1 5.5202
259 263 2 7 14030.6528
261 262 9 3 57.7129
261 263 9 1 10.3966
261 1542 7 9 1127782.1614
262 1034 5 2 11.4829
263 1982 7 7 21343.2869
264 265 3 9 481731.888
264 310 10 2 22.0451
265 266 2 6 1097.1063
266 267 4 7 15510.5071
266 268 9 6 7853.8074
267 273 8 8 183455.1924
267 276 10 2 21.8982
267 277 8 1 9.5503
268 273 10 3 59.7549
269 270 8 5 954.8614
269 274 9 5 1136.3786
269 271 6 10 19883879.5545
270 271 4 7 19347.0503
270 272 7 5 876.9446
271 278 1 9 276015.8451
271 281 9 4 218.7346
272 370 7 10 12685338.083
273 274 3 7 10058.5141
273 275 5 6 3393.5187
275 276 1 5 106.799
275 278 6 3 39.4809
276 279 8 5 691.4676
276 280 10 9 8676282.0113
277 310 7 2 15.3301
277 280 9 5 1138.4447
277 290 10 10 15533751.5402
278 279 4 1 5.5531
278 282 3 3 18.464
279 283 2 7 10335.3562
279 284 8 5 1155.5032
280 283 8 10 22757049.0083
281 372 6 2 13.5351
281 282 6 2 13.9105
281 377 4 1 5.6031
282 284 8 6 4645.8432
282 378 5 7 25279.1257
283 318 3 8 96969.9019
283 321 3 6 2486.5093
284 379 1 9 171941.5697
284 321 2 2 5.6332
285 286 8 5 1015.5656
285 288 5 6 3980.5922
285 290 1 6 518.4929
286 310 5 7 13513.3722
287 288 9 6 5527.058
288 289 1 6 1010.0854
289 311 5 7 30103.8309
289 317 7 8 163320.3589
290 317 3 9 1124426.2577
290 318 3 7 17726.7355
291 292 10 8 622665.6076
291 306 4 10 9219721.123
291 307 8 5 1077.2828
293 294 5 5 585.3911
293 296 8 5 1136.1613
293 297 4 6 3003.2762
293 299 10 3 59.8253
294 295 6 8 270774.6095
295 300 10 1 11.7133
295 315 4 3 26.0628
297 298 4 4 92.5275
297 303 2 9 588978.4863
299 301 5 9 717008.1901
299 302 1 8 57175.8803
300 302 2 10 3077756.2084
300 329 4 1 5.5004
300 315 9 3 58.5763
301 305 2 2 5.7586
301 337 4 9 646077.8484
302 337 4 6 4525.7677
302 338 5 3 32.1096
303 304 5 3 30.223
303 305 3 4 72.7483
305 309 4 10 5117901.6465
306 308 7 10 21126900.2123
306 309 7 8 500727.9648
307 546 8 10 30418601.2914
307 547 4 8 132118.7175
308 342 10 3 65.3702
308 552 8 3 55.4571
309 339 2 9 415010.8877
311 312 5 10 2117058.035
311 314 1 9 975890.3828
312 564 8 4 199.7244
313 314 8 1 9.4249
313 316 3 4 78.8182
313 325 2 1 3.5398
315 327 2 1 3.5389
316 325 7 3 41.7328
316 327 7 3 43.3064
316 328 9 4 201.7601
317 319 4 5 589.0269
317 320 2 1 3.5583
318 319 7 3 43.5479
318 322 2 4 49.7853
319 323 7 3 45.2379
319 324 2 9 1319905.0727
320 325 10 9 2306806.809
320 323 1 8 19174.1883
321 322 9 9 8023781.3777
321 449 8 5 1032.1078
322 324 6 1 7.4633
322 462 4 2 9.5471
323 326 2 2 5.6856
323 330 6 7 57423.1998
324 330 5 5 488.0046
324 450 3 5 310.8407
325 326 8 8 185436.4953
326 331 3 5 339.4399
326 451 8 4 223.3795
327 329 10 4 322.1201
327 332 7 8 219883.7901
328 333 8 10 51039623.9983
328 334 7 5 730.4399
328 332 4 7 19194.4511
329 338 4 7 26296.4696
329 347 8 5 1139.9572
330 451 4 1 5.5359
330 452 4 4 102.9615
331 334 10 3 58.5435
331 335 8 3 50.9862
332 347 7 10 16370522.5869
333 346 10 9 2466720.0976
333 473 9 6 7787.6432
333 474 1 3 8.1318
334 336 6 1 7.5283
335 451 4 1 5.5276
335 336 3 10 4577309.9224
335 454 8 3 49.1431
336 455 4 4 93.7998
336 456 5 8 129000.6745
337 339 6 7 23628.7591
337 340 9 2 20.4193
338 340 7 4 193.8231
338 348 9 10 64407816.25
339 341 8 10 15167164.9571
340 349 7 1 8.5993
340 344 2 8 46570.9558
341 342 7 2 15.4106
341 343 3 10 4384702.6588
342 353 7 5 776.7562
343 344 2 9 226090.202
343 353 8 9 1199507.4547
343 354 5 5 532.5973
344 345 2 4 50.2981
344 351 3 6 1858.5476
346 347 1 4 24.7349
346 348 9 8 182830.0459
348 349 5 7 28168.4984
348 350 9 6 6063.5319
349 351 6 10 18668562.5768
349 352 6 3 36.9686
350 474 2 6 1138.2382
350 352 5 8 76518.8667
350 476 1 1 2.5875
351 354 5 10 36521968.1234
351 357 2 6 1577.3574
352 357 1 5 106.1252
352 480 2 7 7721.8288
353 355 8 6 6223.4516
353 356 2 4 52.4099
354 355 5 1 6.5965
354 358 9 5 978.9423
355 359 2 4 55.3827
356 594 8 1 9.4583
356 596 9 3 52.8289
357 484 7 8 205455.3056
357 482 5 5 572.6324
358 485 6 2 13.4456
358 484 5 1 6.5681
359 486 8 8 155114.699
360 361 7 6 4878.3773
360 367 4 1 5.5111
360 369 10 7 32734.3905
360 397 4 6 2245.3466
361 362 9 4 218.9509
361 367 6 2 13.4089
362 374 5 9 2909905.6304
362 375 7 7 31494.539
363 364 9 2 19.3507
363 368 5 2 11.7198
364 366 10 9 2771280.5915
365 366 1 5 132.2077
365 393 2 7 11215.0703
365 397 4 1 5.379
365 398 1 10 3014113.0423
366 393 8 4 194.7486
367 368 5 2 11.5859
369 375 4 4 101.8703
369 382 3 1 4.4929
369 399 9 2 20.0245
370 371 7 2 15.8353
370 372 1 2 3.653
371 372 7 1 8.5692
371 374 1 9 306844.9458
372 373 4 1 5.4998
373 376 3 2 7.6729
373 377 10 4 251.2144
373 375 1 9 147312.5956
375 376 8 1 9.3629
376 382 3 7 13964.9755
376 384 9 3 53.7207
376 385 5 5 578.8043
376 386 7 10 14282484.2208
377 378 3 7 12238.2673
377 384 3 3 20.369
378 379 3 1 4.5166
378 387 1 9 296190.6622
379 380 1 7 5764.2089
379 381 10 4 219.9477
380 387 6 4 157.4249
380 389 5 1 6.5592
380 428 4 2 9.8325
381 449 3 8 151182.3886
381 389 6 8 334729.5653
382 383 10 8 237738.0043
383 399 10 4 240.9694
383 385 9 7 32037.2355
384 387 10 7 44656.5378
384 386 8 2 17.985
385 422 9 10 18520171.0119
385 423 1 10 2200217.9978
386 423 6 7 12845.3403
386 426 8 4 177.9043
387 388 8 4 194.0258
388 426 1 6 1888.7277
388 428 5 9 640921.4067
388 427 1 7 5415.9893
389 463 10 7 37737.8308
389 430 2 9 744772.5482
390 391 3 3 18.6743
390 392 5 1 6.4672
392 393 10 10 32456842.1063
392 394 10 3 60.7858
392 395 9 9 6215852.6199
394 395 9 3 57.933
394 398 10 6 4803.8924
395 396 6 3 37.5369
396 404 2 7 9083.5541
396 405 7 7 20598.1074
397 399 6 10 16456011.7403
397 400 9 10 10315565.0513
398 401 9 10 7031417.4946
398 405 3 3 20.7563
399 421 6 10 19573957.5761
400 401 2 10 2171292.2031
400 417 9 10 31020474.939
400 421 6 6 5145.6382
401 402 3 2 7.5385
402 405 9 6 8475.4364
402 415 1 9 279324.236
403 408 8 2 17.5636
403 411 3 6 2316.033
404 406 6 4 160.659
404 407 3 7 17573.7924
405 407 7 2 15.6658
406 409 6 3 39.7005
406 412 4 5 482.0303
406 413 7 7 37076.3836
407 412 10 1 11.5271
408 409 6 3 38.9608
408 411 3 7 14962.4564
409 410 4 3 26.5163
410 414 5 4 117.0829
410 766 4 6 2336.2164
412 415 10 10 21803001.8927
412 416 10 8 139292.3574
413 414 5 5 541.6545
413 416 3 6 2175.1863
414 767 2 9 416515.8664
414 768 3 6 1797.4696
415 417 7 5 705.102
415 418 8 10 20340143.4288
416 768 4 8 170369.9076
417 419 3 4 86.8183
417 420 2 5 215.0422
418 770 1 7 4247.5586
418 773 2 9 531263.4275
419 421 6 1 7.5127
419 437 3 9 844255.303
419 438 1 1 2.5934
420 773 7 5 978.4207
420 438 2 8 67010.8587
420 790 10 5 1040.5266
421 435 2 2 5.6237
422 424 8 4 185.4055
422 425 2 7 11991.1762
423 426 7 10 7534509.795
423 424 4 9 651675.5908
424 427 7 7 18198.8357
424 431 1 5 132.9614
425 435 7 6 4565.6504
425 431 8 7 27444.1469
426 427 1 3 7.7578
427 432 10 4 259.7493
428 429 4 1 5.5015
428 430 2 7 7742.4188
429 433 9 9 2626888.3888
429 434 6 5 619.7065
430 466 10 7 32857.778
431 442 1 2 3.6679
432 433 1 2 3.7252
432 443 9 4 267.3744
433 443 6 9 789492.2381
433 444 5 10 13100471.9182
434 466 9 5 1117.6949
434 497 2 8 49135.689
434 444 5 5 637.9735
435 436 4 9 1118666.198
435 437 3 9 1424065.5593
436 439 4 10 8831984.0956
436 442 8 10 35020517.8893
437 439 9 5 923.0196
437 440 4 6 2226.2482
438 791 3 10 4455618.205
438 440 4 6 2625.5325
439 441 4 2 9.603
440 441 10 8 121634.0261
440 792 8 5 1135.8398
441 794 8 9 1290447.9318
442 447 1 3 7.975
442 445 6 5 600.5074
442 794 4 4 101.4292
443 445 3 6 2134.1353
443 446 5 1 6.6051
444 507 5 7 14384.5339
444 508 9 1 10.572
445 446 9 1 10.5741
445 448 3 3 19.8505
446 508 9 10 29574425.1438
446 510 4 7 15220.5022
447 448 1 7 3395.7287
447 797 5 8 98346.8345
448 512 5 10 18982947.5295
449 462 4 6 3221.0786
449 463 1 2 3.6647
450 462 1 9 176747.7323
450 452 4 2 9.258
450 465 2 5 239.1061
451 453 2 7 10755.3623
452 453 9 9 1574703.3426
452 457 3 4 74.3805
453 454 2 3 13.4072
453 458 9 5 925.265
454 455 9 9 2646939.0399
454 459 5 9 741164.1876
455 460 5 1 6.4278
455 461 9 3 57.8857
456 473 5 10 32118290.2838
456 461 10 10 12534098.361
457 465 7 7 22951.3977
457 458 3 3 20.346
457 469 6 1 7.5448
458 459 10 2 20.7138
458 501 2 2 5.6022
459 460 9 7 32299.2009
459 470 8 3 50.2777
460 471 3 9 698861.4237
460 472 2 3 14.0638
461 475 1 4 23.4951
461 471 2 9 546970.5292
462 464 10 3 63.3834
463 464 5 9 1021542.412
463 466 8 5 831.6323
464 465 2 2 5.6945
464 467 6 7 33965.6794
465 468 7 1 8.369
466 467 3 3 18.591
467 468 2 2 5.5285
467 497 4 8 136456.4999
468 498 5 5 543.5503
468 469 2 7 8178.2472
469 501 10 7 38898.8941
469 502 1 1 2.5835
470 501 6 3 38.1978
470 472 1 10 1440860.3878
470 504 10 2 22.1406
471 478 9 4 233.6298
472 505 2 6 1372.2041
472 506 2 1 3.5186
473 474 1 3 7.579
473 475 10 1 11.6623
474 476 2 9 441963.0874
475 477 1 8 32849.3119
475 478 2 4 51.921
476 479 2 2 5.6199
477 479 8 2 17.4864
477 481 2 3 13.4804
478 487 7 6 5007.9798
479 481 7 7 28402.5462
479 480 9 3 55.8963
480 483 1 5 140.5107
481 490 2 10 8842939.8891
481 483 8 4 194.816
482 483 7 10 7015979.7632
482 486 10 10 71194556.4051
484 486 1 3 7.4702
487 488 2 1 3.524
487 489 8 1 9.4848
488 493 10 6 5280.7763
488 495 4 10 5595284.1317
489 506 2 2 5.4772
489 523 2 8 78782.7995
490 491 8 8 322454.352
490 496 2 1 3.502
491 492 4 3 25.2345
491 493 6 3 38.1524
492 494 1 2 3.6968
493 494 10 9 2844603.0947
494 524 1 4 27.1972
495 524 1 6 1254.9645
496 525 4 6 2967.0927
496 526 5 4 99.5555
497 498 3 3 19.6731
497 499 5 1 6.4976
498 500 10 5 1264.442
499 507 10 4 254.8696
499 500 10 7 46745.0584
500 509 8 5 1270.4383
500 502 4 7 20170.6021
501 503 6 8 173579.3784
502 509 7 5 808.0582
502 503 8 10 9710673.5996
503 504 10 10 33569248.2144
503 515 10 9 3244538.4252
504 505 6 1 7.4882
505 517 7 8 230822.2382
505 518 5 4 120.9282
505 521 7 7 76753.0097
506 517 7 3 42.9693
507 511 5 7 17751.2207
508 510 2 2 5.7164
508 511 1 5 119.0563
509 514 10 1 11.4182
510 512 7 9 1834362.7033
510 513 5 8 155189.5942
511 514 10 9 3499923.2688
512 800 6 2 13.2989
512 513 9 6 6320.4191
512 871 5 8 175631.511
513 514 6 3 38.6413
513 516 10 6 4581.8755
514 515 2 2 5.5649
514 516 7 8 164236.6395
515 521 3 9 901008.8392
515 522 7 4 151.7144
516 870 2 10 3203040.3267
516 872 5 7 25707.1933
517 523 5 3 32.0992
518 519 7 5 908.6007
518 528 7 10 14431990.3688
519 520 9 9 5661464.9158
519 521 8 3 48.2328
520 875 3 5 362.8451
520 877 5 5 573.1925
520 879 6 9 1558850.7078
522 879 1 4 26.8313
522 878 5 4 124.7155
523 528 6 8 389510.6353
525 526 9 7 74638.1215
525 671 10 3 57.6203
525 527 4 7 24152.7359
526 527 5 2 11.7407
526 534 5 6 3868.8995
527 698 3 9 782776.4991
528 531 9 3 55.6761
528 532 4 4 103.0843
529 530 3 6 2283.2694
530 532 5 8 152921.8535
531 532 4 1 5.5449
531 533 7 7 26191.259
531 875 5 1 6.585
533 876 9 3 60.8446
535 536 8 8 216685.5232
535 539 3 1 4.5333
536 538 4 3 24.8037
537 538 3 7 13171.0325
537 540 7 8 278922.3553
537 542 3 3 19.3534
539 549 4 5 403.0926
539 551 8 7 38330.6125
540 541 5 9 1057512.7139
542 543 2 9 358367.6581
543 544 9 2 19.5041
543 550 3 1 4.5271
544 557 2 7 10341.3174
544 558 2 5 256.379
545 559 3 5 306.3417
545 560 10 6 7803.8027
547 551 10 3 64.5238
547 554 7 4 176.4042
548 549 3 1 4.5437
549 550 4 9 2010410.486
550 553 4 2 9.6129
551 553 3 2 7.6414
551 556 5 10 5455620.7183
552 554 8 1 9.5911
552 555 1 2 3.5739
552 588 10 8 209234.0388
552 591 3 10 8362433.0336
553 556 10 1 11.681
554 555 5 3 30.4961
555 591 3 6 2218.4074
556 589 9 5 1255.2527
558 560 3 2 7.8062
558 589 9 5 1168.323
559 569 2 4 53.2488
560 569 9 4 232.706
560 590 7 2 15.8443
562 563 8 10 11486134.4226
562 579 9 4 204.3814
562 567 10 1 11.5249
565 568 3 7 7377.5955
565 566 6 1 7.4976
566 567 4 10 16293356.3949
566 584 7 7 32877.0823
568 585 7 5 921.0234
568 586 3 5 1280.696
569 576 1 1 2.5758
570 571 10 3 60.8882
570 574 5 9 927971.4387
570 573 4 5 440.8941
572 573 5 8 156373.5321
574 575 10 7 120738.252
575 578 2 6 1327.9425
575 576 7 7 23536.4081
576 590 4 10 15546639.7647
577 578 10 10 16524729.3125
577 580 4 3 26.8773
577 583 6 9 4077992.5528
578 579 4 7 13562.9806
579 581 10 7 57866.6422
580 600 8 7 28552.4055
580 599 2 7 7127.0654
581 582 10 7 41011.9111
581 583 10 4 246.7842
583 587 2 9 480393.5874
584 587 3 5 434.7363
584 586 5 4 126.8741
584 609 8 3 49.3603
586 606 4 10 4149077.1625
587 600 1 2 3.6893
587 616 3 4 81.093
588 594 4 8 168364.0991
588 597 10 8 277520.2549
589 592 2 10 2763438.459
590 592 8 4 206.1733
591 598 9 2 19.6395
591 597 6 2 13.5113
592 593 1 7 6513.6092
593 599 8 8 829295.7477
593 659 10 10 19520760.8882
594 595 5 9 875020.3162
597 665 10 8 1450861.9182
598 659 6 5 660.9306
598 660 6 3 37.1633
599 600 7 6 4504.1494
599 603 10 5 1044.9289
600 601 6 9 1299061.4241
601 602 10 10 18789373.3554
601 603 3 2 7.91
604 605 9 1 10.5497
604 631 3 6 2225.1347
604 632 9 4 242.273
605 684 4 5 487.9255
606 608 3 5 418.135
606 609 4 7 17565.8028
607 608 1 9 234429.828
608 610 7 1 8.4973
608 611 7 9 1560194.8161
609 610 7 7 32810.7342
610 617 3 4 81.2831
611 617 2 6 1487.4787
612 613 4 10 137507587.5554
613 639 3 3 18.7091
613 615 1 8 27485.3522
614 615 6 6 3356.236
617 618 3 4 77.4991
617 619 10 4 239.9874
618 620 1 5 131.329
619 657 10 4 224.6448
620 623 6 2 13.7001
620 624 7 8 159946.915
621 622 8 5 929.3368
621 625 7 3 47.1414
622 623 10 4 246.1355
623 625 5 4 122.6309
624 628 7 8 185621.2359
624 626 1 9 182359.9875
625 626 8 10 21895115.5379
625 641 4 5 438.0465
626 630 1 3 7.9853
626 634 4 10 3031500.7189
627 628 10 1 11.4406
627 629 5 6 3104.6857
627 630 10 9 1704653.3197
628 631 2 5 244.8077
629 633 2 3 14.1407
630 635 5 6 2999.5452
632 686 10 1 11.5381
633 635 4 1 5.5419
633 636 6 9 2270136.55
634 641 8 9 1958973.3784
634 647 3 10 3333636.5407
635 637 7 7 48131.1217
635 638 1 6 1146.3803
636 726 4 7 17242.0708
636 727 9 10 13605607.6197
637 649 2 7 7977.7888
637 652 8 4 200.3085
638 727 5 2 11.8805
638 729 4 7 18079.0833
639 640 10 5 1041.6159
640 643 6 8 96846.9733
640 644 1 5 97.1926
641 642 4 1 5.5054
642 648 7 8 206590.529
642 647 1 3 7.9286
644 645 2 1 3.5193
644 646 8 9 3479900.3719
646 655 8 4 173.3096
646 650 1 7 5745.3355
646 654 3 9 506532.8264
647 649 4 3 24.4049
648 650 6 1 7.5569
648 651 5 1 6.5581
649 651 7 6 5653.1232
650 655 6 10 13152794.9689
652 652 2 2 5.7266
653 654 2 1 3.5656
655 656 2 10 5519005.1559
655 736 8 7 30592.501
656 739 5 9 2269430.953
656 740 5 4 124.4053
657 658 2 6 2213.7991
658 659 4 6 3033.6812
660 661 8 6 3976.4126
660 666 1 9 231159.652
661 662 6 3 40.9055
661 674 8 10 7108049.9406
662 663 7 8 175986.0768
662 664 8 10 27678660.1663
663 677 8 7 51482.8555
663 678 1 6 821.3424
663 679 1 2 3.7079
664 674 5 6 2927.6492
664 679 8 2 17.7228
664 703 10 4 227.2844
665 666 1 9 195269.4734
665 667 9 5 1182.5373
665 668 6 5 702.9049
666 673 7 7 32252.8903
667 668 8 10 16751983.06
667 673 1 5 129.3295
667 672 6 9 1677135.8767
668 669 7 2 15.6556
669 670 10 5 1498.7593
669 671 2 6 1329.7913
671 672 10 10 13788069.0895
672 701 1 8 29162.2697
673 674 3 10 16796301.7004
673 675 6 4 139.6527
674 676 4 2 9.7244
675 701 4 1 5.5325
675 676 4 6 6925.3292
675 702 4 9 742936.121
676 703 3 2 7.6758
676 704 6 6 4048.7321
678 680 7 4 188.67
678 681 8 5 930.4418
679 689 4 3 26.3304
679 688 9 9 3568348.4249
681 688 1 3 7.6333
681 685 3 6 2097.779
682 683 5 2 11.5988
682 684 5 3 30.0162
682 685 2 5 277.2885
684 687 2 4 47.5295
685 687 9 3 53.9433
685 691 6 8 247107.6821
686 694 6 4 156.2231
687 692 8 5 994.0496
688 691 3 9 875489.4768
688 690 5 5 691.7802
689 690 6 4 131.3121
689 706 1 5 122.6449
690 695 8 8 324561.6906
690 708 5 5 462.7745
691 695 10 2 21.5164
691 696 10 2 21.0274
692 693 4 4 100.3953
692 694 8 2 17.3725
693 713 2 10 6648521.5944
693 715 10 1 11.4729
694 730 3 1 4.4537
694 731 7 3 41.8868
695 697 8 3 50.3774
697 708 9 1 10.5144
697 713 8 4 200.7745
697 712 9 2 19.423
698 1114 6 9 1152214.8286
699 700 2 1 3.5559
699 1115 6 8 383025.6769
699 1116 7 6 5547.226
700 701 1 1 2.5785
701 702 4 3 25.622
702 707 4 9 1446406.4243
703 705 4 1 5.5128
703 706 8 10 19013573.8925
704 707 10 10 27396946.5257
704 705 6 7 23662.8035
705 716 9 8 429162.3609
706 708 1 10 1886190.1379
706 717 6 10 12238559.5709
708 709 6 9 1376037.2953
709 710 10 8 224800.7916
709 711 5 4 114.4532
709 712 2 2 5.5981
711 718 9 9 3035671.348
711 712 7 2 15.5918
711 720 2 9 1426269.5399
712 721 6 9 1758575.4151
713 714 8 6 9514.7395
715 731 9 2 19.1189
715 749 10 6 6815.3807
716 717 10 9 1842372.6523
716 718 8 1 9.6446
716 719 2 2 5.5424
718 720 4 8 115199.2079
719 1131 6 7 17718.9551
720 721 3 5 279.619
721 722 5 8 134100.9294
722 723 4 3 25.9891
723 724 10 7 31741.9348
723 725 10 8 269655.7327
724 744 4 4 101.9434
724 1198 8 2 17.0315
725 1132 6 9 1602842.7935
725 1135 4 8 207233.0085
727 728 2 1 3.5324
728 732 8 7 36868.4684
729 730 1 10 2272061.6238
729 734 10 9 1370993.816
729 736 5 1 6.4942
730 732 8 1 9.5119
731 733 3 3 19.3313
734 735 6 5 678.6184
736 747 6 3 35.7423
737 738 10 3 59.1458
737 748 6 1 7.4649
738 748 7 10 15626617.0787
739 741 4 5 460.781
739 742 4 7 17909.5122
740 742 10 4 262.724
742 746 7 5 811.0421
743 744 1 5 105.5246
743 745 8 3 49.9415
744 750 8 3 47.6717
745 751 3 9 565570.6174
746 748 6 10 5729284.3256
746 756 2 4 54.3285
747 755 8 4 202.8618
747 757 6 9 2687280.2818
750 1198 8 1 9.5369
750 1200 2 8 128543.7011
750 1201 6 1 7.4125
751 752 3 8 101458.287
751 753 3 8 80962.2365
752 754 4 3 24.6866
753 1200 4 4 92.0434
753 1203 7 1 8.6427
753 1208 8 4 204.5195
754 1205 1 3 7.9357
754 1209 3 9 562088.4742
755 756 3 3 19.269
755 758 3 2 7.4401
756 759 7 3 43.7494
756 760 8 6 4607.2253
756 762 6 8 144189.2688
757 758 6 3 36.8326
757 761 2 4 55.1504
758 761 10 5 1121.7365
760 765 5 4 126.0528
761 762 3 3 19.5822
762 763 10 4 237.7712
763 764 5 9 5538420.4235
763 765 9 1 10.5917
764 1230 4 3 25.6828
766 778 3 7 10901.9016
766 779 1 7 5709.0586
767 769 8 4 166.5641
767 778 7 9 2426792.7309
768 770 9 8 288088.484
768 771 4 7 26091.5938
769 771 6 9 1772366.5863
769 775 9 9 685825.5636
770 772 4 3 24.1684
771 776 1 5 139.2466
771 777 8 9 1173772.3436
772 777 4 7 16610.5461
772 774 8 5 1134.855
772 785 5 6 3899.2877
773 774 8 8 414036.623
774 786 4 10 6386063.3059
774 787 10 7 26787.792
775 780 1 3 7.7906
775 776 6 5 628.0661
775 783 4 10 15723769.2176
776 777 10 7 43512.6631
776 784 8 7 25104.0078
777 785 2 7 6288.3604
778 780 6 1 7.6043
778 781 5 10 12457592.6823
779 813 1 9 246925.3794
779 820 7 10 18000405.1463
780 782 8 4 200.3889
781 782 8 9 2295502.3186
781 813 2 10 1659643.9658
782 783 5 3 30.4493
782 814 3 4 70.2266
783 784 3 6 2752.2447
783 815 2 8 42546.9833
784 816 4 9 12902926.0741
784 817 2 8 89806.0705
785 787 8 7 29170.5139
785 816 1 6 426.3631
786 790 7 5 986.7699
786 805 10 3 65.0296
786 789 3 4 75.9885
787 788 2 4 49.4323
787 789 2 7 9184.8429
788 816 2 7 7450.6074
788 819 9 10 6833521.4492
788 789 1 9 250783.7119
789 807 1 4 24.4796
789 836 6 4 156.4335
789 837 9 5 1132.602
790 791 7 4 178.5653
791 792 6 1 7.5082
791 793 1 8 44896.5218
792 795 9 4 213.9236
792 796 8 3 48.9937
793 806 7 7 20985.497
793 805 6 9 2067200.5381
794 795 8 3 50.05
794 797 10 6 8866.1447
795 798 7 7 31412.8688
796 806 5 4 110.8989
796 809 1 6 891.0843
797 799 1 1 2.579
797 800 8 1 9.5864
798 799 1 6 659.2052
799 800 7 4 169.5761
800 801 5 8 311888.0369
801 803 1 6 558.3202
801 871 10 3 62.5617
802 803 8 7 28378.6937
802 810 6 3 38.0413
802 812 7 4 181.4109
803 804 5 1 6.4742
804 872 7 9 1121000.7445
804 873 9 3 58.5283
804 874 4 3 25.8216
805 807 6 3 37.2734
806 808 6 7 18364.0813
807 808 4 9 978550.8325
808 809 5 9 2688786.8322
809 838 9 7 56580.11
810 847 7 2 16.1137
810 851 1 4 28.2812
811 812 2 4 51.6367
811 846 1 10 5436563.5824
813 814 6 3 35.0403
813 821 10 5 1077.8344
814 815 4 7 19567.6296
814 823 6 7 29010.8678
815 817 1 2 3.7047
815 826 9 3 55.3127
816 818 6 3 37.6383
817 818 4 10 5607115.1455
817 830 10 1 11.5011
818 819 1 3 7.4038
819 831 6 4 140.3945
820 821 1 6 752.586
820 822 3 1 4.5274
821 823 9 2 19.1529
821 824 9 5 1119.1818
822 824 9 9 2565108.017
822 827 8 7 27964.2047
823 825 1 4 25.8343
823 826 5 7 19162.6041
824 825 1 10 2436459.3877
824 828 10 5 1270.7204
825 829 2 10 4098739.1273
826 830 3 7 18526.822
826 829 2 10 4803704.9624
827 977 10 5 1275.5125
828 977 8 9 5929667.1984
828 978 8 2 17.1476
828 979 2 9 779358.746
828 988 8 4 195.6545
829 978 4 6 1879.2202
830 833 9 1 10.6007
830 834 7 7 29289.1151
831 833 5 7 12773.7226
831 837 9 6 7613.0803
831 835 6 2 13.6552
832 833 10 5 853.1197
832 835 7 5 740.409
832 834 3 4 78.8787
834 978 6 9 2443335.02
835 841 8 5 931.4402
835 845 1 4 26.8671
836 838 4 8 275970.2398
836 839 5 2 11.3887
836 837 2 10 8767646.0809
838 839 7 9 535213.5626
839 840 5 5 745.8379
839 841 7 8 848049.5756
840 842 7 8 240875.3109
840 843 2 7 14012.6757
840 844 8 9 4249659.5014
840 841 9 6 7589.9441
841 845 4 3 24.752
842 846 1 10 1388476.7595
842 849 8 1 9.5408
842 857 3 5 404.5722
843 857 4 7 9948.5149
843 858 3 2 7.7255
844 861 3 5 468.3945
844 862 1 9 145016.3991
844 858 7 3 41.7545
845 860 4 2 9.55
845 861 4 2 9.4035
846 847 5 7 25530.8547
846 848 5 1 6.5415
847 850 6 6 4139.3253
847 851 8 10 17568682.314
849 850 9 3 56.6702
849 854 7 1 8.5371
850 855 3 4 73.1338
851 852 2 8 239366.2864
851 853 1 2 3.7072
852 898 8 8 139085.679
852 935 6 1 7.519
852 938 9 2 20.1562
853 856 7 5 707.2138
853 938 9 8 199200.6553
853 868 3 4 68.3218
854 855 7 10 7296741.6478
854 859 7 8 311836.685
855 856 8 8 960849.2459
856 859 10 10 16228222.1192
856 865 2 3 13.3025
857 859 2 5 211.1222
858 864 3 4 75.8293
858 867 2 7 10200.7737
859 864 8 8 197295.8978
860 861 10 7 126444.5285
860 863 10 3 61.9133
860 1006 10 1 11.4093
861 862 3 9 3063153.9054
862 867 4 7 13940.5236
863 980 5 7 23427.893
863 1005 3 2 7.4992
864 865 10 3 57.9341
864 866 9 10 29488060.8716
865 868 5 9 792322.1768
865 869 5 1 6.5529
866 867 1 1 2.5623
866 869 5 3 31.9726
866 1014 9 3 59.0095
867 1007 2 1 3.5567
868 939 6 6 3537.6748
868 948 7 8 195853.619
869 948 9 7 55476.9833
870 878 5 1 6.6491
870 873 8 8 253196.9047
871 872 3 10 6040541.1699
873 883 2 1 3.5482
873 884 2 2 5.6112
874 883 7 6 4216.4099
874 891 6 9 1482875.1832
874 893 8 6 3963.9222
875 876 6 8 814679.0372
876 887 6 1 7.5233
877 886 5 4 111.8023
877 887 1 8 45571.3352
877 882 4 10 11367866.1134
878 880 10 3 62.7652
878 881 9 3 52.401
879 880 1 7 3919.4416
879 882 5 9 1972659.3322
880 882 3 6 1435.2809
880 885 10 10 14665176.9731
881 884 1 10 2715721.7564
881 885 3 10 5844037.0585
882 888 7 7 27754.5464
882 885 9 10 12576229.899
883 900 9 3 53.6905
884 900 10 7 40166.4202
885 901 10 2 22.0271
886 888 5 4 118.0919
886 890 3 2 7.6083
886 904 1 3 7.7515
888 889 4 5 404.3026
889 901 4 3 25.9351
889 904 1 7 3453.6868
889 905 2 7 17629.8747
890 907 8 6 5828.3256
890 916 5 5 702.7744
891 892 10 5 1116.3822
891 896 8 6 6085.134
892 893 4 1 5.4529
892 898 8 1 9.522
893 894 8 3 52.5941
893 895 7 10 95974024.5734
894 900 4 9 781363.4708
894 901 6 7 19550.4158
894 902 8 2 17.2629
895 935 1 4 24.502
895 937 10 8 342400.601
895 902 8 4 208.2092
896 897 7 7 22150.9601
897 898 10 10 11653914.9336
898 899 3 3 20.0143
901 903 5 4 122.9133
902 903 6 4 134.1705
902 940 1 3 7.6558
903 905 4 3 27.4089
903 942 7 7 39578.1103
904 906 4 9 458148.4194
904 907 4 4 84.0251
905 906 8 9 2115629.8073
905 908 1 1 2.592
906 909 5 4 115.704
906 910 8 8 218336.3842
907 909 8 1 9.3752
908 942 10 3 61.4121
908 910 2 7 4524.8406
908 945 3 10 22207284.6681
909 920 7 9 496558.1922
909 924 5 8 178467.0905
910 947 8 7 42663.6689
910 924 9 4 212.3095
911 912 1 3 7.8009
911 916 6 3 37.36
911 919 4 9 1340400.8155
911 920 3 10 29342386.3107
912 922 8 10 9409079.0453
913 914 5 3 31.7218
913 915 8 9 2520889.5456
913 931 3 4 76.4377
915 929 9 3 57.2027
915 930 9 4 225.5376
917 918 9 8 230438.0701
917 1065 9 5 1234.3214
918 1052 9 8 242922.9464
918 1057 9 4 222.6839
919 923 3 6 2276.0945
919 922 1 7 3263.7983
920 923 9 9 3939728.6978
920 925 2 7 8852.0476
921 922 8 6 6533.4409
921 926 4 8 192633.7854
921 927 9 5 1135.9329
923 928 5 6 2343.4683
924 925 7 3 41.5218
924 954 3 7 15691.9807
925 928 8 5 981.5988
925 958 1 2 3.6208
927 931 1 10 1339732.7031
927 932 3 8 237247.0472
928 959 3 1 4.6288
928 960 10 9 2324357.3584
929 1122 8 8 190591.7767
929 1123 8 6 4069.9829
930 933 4 1 5.5597
930 1125 6 9 868942.3278
930 934 9 3 55.8619
932 961 7 5 771.5921
932 963 2 1 3.517
934 934 5 7 17822.7531
935 936 6 10 13234057.4476
936 938 4 4 99.9941
936 937 3 2 7.5986
936 949 1 5 134.3567
937 940 5 2 11.7654
937 941 4 3 25.7782
938 939 6 7 71166.0179
939 949 3 9 521420.8979
939 950 10 3 63.2537
940 943 8 1 9.58
940 944 1 8 33430.4404
941 949 2 1 3.5339
941 944 3 10 6098308.4894
941 952 7 3 45.1979
942 943 1 5 107.8872
943 945 2 10 4426498.0006
943 946 4 3 26.0037
944 946 7 6 3445.4806
944 955 2 8 76438.7789
945 947 1 2 3.7302
946 953 3 2 7.5885
946 1056 8 10 50225694.0587
947 953 9 3 51.702
947 954 3 8 84183.5099
948 1019 5 9 8621298.6493
948 950 5 7 21894.2398
949 951 5 6 3714.4875
950 951 5 6 5030.3193
950 1053 3 9 438432.7965
951 1052 3 4 73.9726
952 1052 4 8 136849.9114
952 955 1 5 91.1679
953 954 1 6 772.6169
954 958 4 2 9.6052
955 1058 1 9 204441.3456
956 957 10 2 22.1244
957 1029 3 8 198666.25
958 960 10 10 110578948.306
958 1999 1 5 128.6705
959 961 5 2 11.5624
959 962 9 7 45526.0349
960 970 6 10 26123143.2039
961 964 3 10 3641382.6243
961 965 10 1 11.3826
962 968 2 7 6497.7702
962 969 6 10 6679929.6657
963 1125 3 8 142450.7848
963 965 8 4 203.2686
963 1151 1 3 7.6566
964 966 3 2 7.7373
964 967 7 3 42.0261
964 971 2 2 5.5872
965 1154 5 3 34.2361
965 967 7 4 152.869
966 973 3 5 376.3471
966 975 5 1 6.5526
966 976 9 2 19.8203
967 1154 2 7 5800.3898
967 1157 4 3 26.393
970 1066 7 4 178.7337
970 1067 4 6 2351.8667
971 972 5 5 528.6247
972 973 6 1 7.605
973 974 1 2 3.714
974 1066 2 10 7771128.0474
974 1070 5 7 17326.6904
974 1071 3 4 73.9563
975 1070 3 2 7.5237
975 1073 8 1 9.4566
975 1075 5 6 5824.7909
976 1157 2 7 23555.341
976 1168 1 1 2.5876
976 1073 6 1 7.516
978 980 8 5 1059.906
979 983 2 10 3802303.457
979 984 3 6 2425.067
980 983 3 3 21.0221
980 985 1 8 47878.9543
981 982 5 8 167463.619
981 1004 9 7 41034.3662
981 987 8 3 49.1377
982 986 2 3 13.0505
982 987 5 8 248076.3581
983 985 1 7 3661.9851
984 988 5 10 7969752.9822
984 985 9 6 8713.1108
984 997 9 8 1260623.9556
985 993 1 4 24.4885
985 994 7 2 15.5963
986 995 6 2 13.3271
986 993 5 7 12691.6909
987 1005 5 9 3166878.3895
987 995 7 10 12038211.7625
988 989 3 3 18.5545
989 992 2 2 5.5572
990 991 2 10 9320963.6284
991 998 4 9 1303639.5837
992 1027 6 6 4559.421
993 996 4 6 2578.9611
994 1002 10 6 7135.6747
995 1010 2 5 212.622
996 1003 7 3 43.3199
996 1020 2 3 13.7515
998 999 5 9 1322716.7393
1000 1001 10 10 24347982.6174
1002 1032 10 4 234.3962
1005 1006 5 6 5251.6677
1006 1007 4 7 34851.1316
1006 1010 4 2 9.1249
1007 1012 4 10 10587699.5891
1008 1009 7 5 761.3573
1010 1011 5 10 9728470.0609
1011 1012 3 5 473.9767
1011 1013 7 3 40.5082
1012 1014 10 8 433767.5802
1012 1015 5 4 132.1293
1013 1020 2 10 7909200.1726
1013 1015 10 5 1084.3911
1014 1016 1 5 101.7743
1014 1017 8 6 7891.9674
1015 1025 7 9 1004800.389
1015 1022 3 9 877223.3847
1016 1018 3 10 2176798.3675
1016 1043 9 6 4956.1207
1017 1025 4 8 105280.6334
1017 1043 8 4 205.5038
1017 1040 9 2 18.3599
1018 1019 4 4 89.6478
1018 1023 10 10 16479893.7418
1020 1021 9 6 5009.9187
1021 1022 5 3 31.7769
1021 1038 4 10 3039515.3781
1021 1039 9 2 19.2874
1022 1026 1 10 1741714.656
1023 1024 1 5 149.5177
1024 1060 3 1 4.5101
1024 1044 2 4 46.5877
1025 1040 7 9 1097259.4826
1026 1039 7 10 26194192.0068
1026 1041 1 5 153.4502
1027 1028 6 8 184406.7888
1028 1033 10 4 228.7248
1028 1036 5 9 7904846.1308
1030 1031 1 10 6442064.3036
1032 1034 10 6 4240.8443
1032 1050 4 8 122696.9333
1033 1034 5 9 1532286.9902
1033 1035 8 7 44445.773
1034 1981 8 10 45602978.7603
1035 1036 10 3 62.8597
1035 1037 5 8 135481.1585
1038 1038 6 2 13.231
1039 1049 1 8 45214.6011
1040 1046 10 3 61.7107
1040 1047 2 1 3.5395
1040 1286 9 7 24064.5145
1041 1042 10 5 1119.6926
1041 1045 5 2 11.2276
1043 1044 10 4 232.0131
1044 1060 6 9 2116477.6722
1044 1087 3 5 296.4395
1044 1088 8 5 867.1085
1045 1045 4 3 24.8862
1046 1048 10 5 1042.3484
1047 1048 2 1 3.5064
1047 1051 10 5 984.4654
1048 1091 5 5 647.5036
1050 1986 1 1 2.5975
1050 1991 5 6 3205.6923
1052 1055 9 5 954.0799
1053 1054 2 9 702893.0439
1054 1059 8 2 17.6896
1054 1060 6 8 990552.107
1055 1059 7 1 8.5413
1055 1062 5 4 108.9628
1056 1057 6 6 5211.2793
1056 1058 9 8 477703.9469
1057 1058 8 3 51.767
1059 1061 9 1 10.5119
1060 1061 9 9 2571548.1921
1062 1087 5 6 2706.8389
1063 1064 4 5 625.467
1063 1089 6 4 152.2526
1065 1077 9 1 10.597
1065 1078 1 6 631.3711
1066 1068 10 2 21.9298
1066 1067 1 10 2575736.7348
1067 1069 5 2 11.2252
1069 1084 7 8 235639.762
1069 1085 7 6 3591.4347
1070 1072 2 2 5.6745
1071 1074 10 3 61.1367
1071 1086 8 9 1965901.329
1072 1076 3 8 119203.9723
1072 1074 1 3 7.8909
1073 1297 3 2 7.7658
1073 1308 6 2 13.183
1074 1075 6 8 244641.8182
1077 1079 10 2 21.7643
1077 1080 6 7 42258.6354
1077 1081 8 2 17.0159
1079 1999 2 10 5156570.8527
1079 2245 10 8 526728.5941
1080 1082 8 1 9.5418
1080 1083 9 4 200.5924
1081 1090 7 6 4120.1949
1081 1083 7 2 15.794
1082 1101 3 5 382.9937
1082 1085 8 4 192.5926
1083 1102 6 3 35.7644
1084 1085 5 6 3034.1246
1084 1086 5 9 1541793.6862
1085 1103 4 9 737866.9537
1086 1107 1 10 4112444.8114
1087 1089 9 9 2250680.7783
1088 1089 8 9 5781711.5668
1088 1092 5 5 540.7676
1089 1093 8 2 17.2461
1091 1092 5 9 1770369.2888
1091 1990 3 6 1619.889
1092 1094 4 10 2524984.1987
1092 1095 6 9 1135842.2474
1093 1095 6 6 2756.7211
1093 2000 10 1 11.6699
1094 1991 10 8 402508.4256
1094 1097 10 8 751640.3637
1095 1098 1 10 1089187.7659
1096 1097 2 8 41069.2679
1096 1284 10 5 1174.4305
1096 2000 2 10 1292021.9028
1099 1100 8 2 17.7201
1099 1111 7 5 685.3025
1099 2003 2 3 14.5458
1101 1102 1 5 116.0247
1101 1103 10 10 43410212.1859
1101 1104 9 8 239468.2112
1102 1109 1 6 841.5433
1103 1105 1 7 5038.231
1103 1106 10 2 21.7939
1104 1110 5 5 534.8166
1104 1112 2 10 2656617.832
1105 1106 8 7 44843.4366
1106 1113 6 2 13.5369
1107 1308 10 7 63784.2408
1107 1339 4 10 17810259.6434
1107 1345 1 2 3.7082
1107 1347 4 10 4897529.1143
1108 1109 3 4 76.7498
1108 1111 5 3 32.2427
1112 2006 3 9 658465.0956
1112 1113 10 7 32489.4545
1112 2010 2 5 245.6083
1113 2009 7 2 15.716
1113 2011 9 6 14104.7089
1115 1117 1 7 5418.32
1116 1123 6 9 3582911.7043
1116 1121 3 7 21901.6549
1116 1127 6 9 661234.8904
1117 1120 3 9 212111.9608
1117 1121 3 7 11494.8634
1118 1119 1 3 7.6923
1119 1299 6 2 13.6709
1119 1308 5 4 119.8067
1119 1338 6 9 28976420.2106
1121 1128 8 5 963.7742
1121 1131 5 2 11.9678
1121 1137 8 10 9150949.916
1121 1138 9 2 19.1993
1123 1124 9 1 10.5378
1124 1125 5 1 6.5152
1124 1152 5 3 31.4831
1126 1127 3 8 41577.2668
1126 1128 7 3 46.5991
1126 1129 4 4 100.8509
1126 1152 2 2 5.5495
1127 1377 9 1 10.4125
1128 1130 8 2 17.2873
1129 1130 8 8 825529.1332
1129 1160 9 10 4663476.0913
1130 1141 3 10 5806378.0123
1130 1161 3 6 1793.2524
1131 1139 1 9 245381.2303
1132 1133 4 2 9.8543
1132 1134 9 10 12930644.0506
1133 1136 10 9 6375521.2472
1133 1215 1 7 6741.0108
1134 1199 10 1 11.5037
1134 1206 7 4 168.7532
1135 1136 10 3 60.1343
1135 1140 3 1 4.5112
1136 1140 4 6 2707.8428
1136 1147 1 2 3.7347
1137 1139 3 8 63981.0218
1137 1138 8 10 11685804.7895
1138 1141 6 1 7.6099
1139 1140 5 4 116.5535
1139 1142 6 4 142.4194
1140 1143 8 6 5822.1915
1141 1145 3 1 4.5072
1142 1143 7 4 178.5449
1142 1144 4 4 86.0283
1143 1146 2 4 53.1205
1143 1147 6 4 125.7189
1144 1146 3 9 458561.3351
1144 1145 10 1 11.596
1145 1177 5 5 653.9368
1145 1167 2 3 13.3833
1146 1148 1 2 3.6103
1146 1149 3 9 1083774.0574
1147 1150 4 9 3097068.3951
1147 1149 2 3 13.7573
1148 1177 7 1 8.6338
1148 1178 4 1 5.5264
1148 1179 3 6 1879.5829
1149 1180 9 3 57.7678
1149 1181 7 1 8.5545
1151 1155 8 6 6949.8307
1151 1152 5 3 28.1679
1151 1158 6 9 1887159.4712
1152 1153 9 10 18993923.7399
1153 1158 5 8 189060.6158
1153 1160 8 3 49.0464
1153 1162 5 9 875756.3121
1154 1155 4 2 9.1747
1155 1156 1 1 2.5871
1156 1157 5 3 33.4622
1156 1159 10 5 1025.3427
1156 1168 4 1 5.5464
1158 1159 8 4 178.1944
1159 1162 6 10 8266243.1184
1160 1163 3 2 7.5229
1160 1164 1 6 820.2435
1161 1163 7 8 176658.9309
1161 1166 3 4 81.0652
1161 1167 8 4 185.8333
1162 1164 9 2 19.6973
1162 1170 10 10 21196699.5498
1163 1165 6 4 166.1594
1164 1165 6 8 136004.4928
1164 1171 4 2 9.6667
1165 1166 5 9 870843.1647
1165 1172 3 7 12635.7188
1166 1173 3 5 488.9869
1167 1177 2 2 5.5297
1168 1169 5 6 3584.5633
1169 1297 3 6 2398.2477
1169 1174 7 8 299149.5619
1170 1171 2 5 220.419
1170 1174 8 5 923.943
1171 1172 6 6 3527.5647
1171 1175 5 3 30.2612
1172 1173 3 8 66900.2881
1172 1176 4 10 28476237.9002
1173 1301 2 9 628207.6332
1174 1300 9 4 190.579
1175 1300 3 6 1938.3394
1175 1303 1 4 25.3167
1175 1176 1 6 453.3436
1176 1301 2 1 3.545
1176 1304 5 4 126.4231
1177 1178 5 10 5688987.9737
1178 1182 10 5 1411.3176
1178 1183 8 9 15164525.6411
1178 1184 2 9 640726.9346
1179 1181 6 5 785.7711
1179 1182 1 2 3.6256
1179 1185 7 8 266717.5039
1182 1186 1 9 796733.9383
1182 1187 2 10 34420394.7393
1183 1184 4 10 23570519.4174
1183 1188 7 6 4472.8837
1184 1186 1 4 25.2217
1184 1189 7 6 3129.8283
1185 1239 5 5 571.8897
1185 1187 7 4 188.9549
1186 1189 2 10 2416081.2075
1186 1190 1 2 3.7148
1187 1240 10 4 248.6065
1187 1190 6 5 750.8488
1188 1192 3 9 1925996.2621
1188 1193 9 8 407652.74
1189 1191 7 9 1791542.7932
1189 1192 3 10 4220064.4189
1190 1243 5 4 129.752
1190 1195 3 2 7.3913
1191 1194 1 2 3.6026
1191 1195 3 4 79.8755
1192 1194 2 4 52.3765
1192 1196 3 5 414.5359
1193 1196 7 9 971854.6309
1193 1318 10 5 918.6173
1194 1197 3 7 11174.1905
1195 1197 2 5 285.179
1196 1322 9 6 7373.42
1196 1323 6 1 7.5385
1197 1374 2 7 11264.2221
1198 1199 3 8 49294.118
1199 1206 9 3 61.2802
1200 1202 1 7 3901.2132
1201 1206 9 2 19.9859
1201 1214 1 9 186072.3932
1201 1215 6 9 634093.8624
1202 1203 4 3 24.9016
1202 1204 7 2 15.7429
1203 1205 6 2 13.4583
1204 1207 2 1 3.5247
1204 1216 1 4 26.9143
1205 1208 3 6 1751.0873
1205 1207 3 9 2476499.5493
1207 1210 6 2 13.5818
1207 1209 5 5 672.042
1209 1211 6 3 39.1679
1210 1211 4 6 2382.5604
1210 1212 2 9 287681.6793
1210 1216 2 4 51.8627
1211 1213 3 1 4.5204
1212 1217 8 7 20255.8797
1212 1213 1 5 102.4858
1212 1220 7 5 844.9126
1213 1221 1 6 771.5373
1213 1222 8 3 50.4272
1214 1216 3 2 7.5669
1214 1217 1 4 23.8979
1214 1218 2 4 43.9382
1215 1218 9 4 207.5865
1217 1219 1 1 2.5933
1218 1237 10 2 21.7822
1218 1241 7 8 226314.3615
1219 1223 2 4 44.1133
1219 1224 5 2 11.2064
1220 1224 8 4 199.6134
1220 1222 8 5 804.5937
1222 1226 9 4 207.7718
1223 1225 9 4 265.6237
1223 1237 8 8 535842.1595
1224 1225 2 1 3.5811
1224 1226 10 3 58.8628
1225 1248 2 2 5.6221
1225 1238 6 6 4056.9194
1226 1249 2 7 9393.8773
1226 1248 2 2 5.6297
1227 1228 1 7 5689.2294
1229 1230 7 3 43.0486
1229 1236 9 7 67138.9992
1229 1274 4 7 24013.7823
1231 1232 1 1 2.5818
1231 1233 7 3 43.2852
1231 1234 9 5 1158.4279
1231 1235 10 8 276266.5617
1234 1267 7 10 39026856.0674
1234 1236 7 7 37267.3602
1235 1265 10 9 2700586.8929
1235 1266 6 1 7.5422
1235 1267 1 1 2.5724
1237 1238 4 9 438406.1726
1238 1245 1 1 2.5848
1239 1240 5 9 3196561.3345
1239 1242 1 2 3.6741
1240 1243 10 9 1499610.3124
1241 1242 5 5 606.9551
1241 1244 10 1 11.4674
1241 1245 7 5 793.2191
1242 1244 6 7 94668.4586
1243 1247 10 3 61.1371
1243 1257 5 10 16241434.7155
1244 1246 3 8 64407.3087
1244 1247 4 2 9.4824
1245 1252 1 9 500738.1155
1245 1254 10 10 12049000.5391
1246 1253 4 7 15290.3188
1246 1264 7 3 45.7453
1247 1258 4 4 95.894
1248 1250 1 1 2.5863
1249 1250 8 6 5113.8188
1249 1251 6 7 27125.1635
1250 1252 9 2 19.9977
1252 1255 5 9 730433.5626
1253 1256 8 10 16916038.2629
1253 1260 5 2 11.6231
1254 1256 1 4 22.0084
1254 1270 7 6 5507.466
1255 1266 7 1 8.5767
1255 1288 2 6 1094.7449
1256 1260 5 10 3478479.4582
1257 1258 7 10 6305820.1173
1257 1259 6 7 44447.8754
1257 1374 7 9 1015748.9324
1259 1325 8 6 5432.1716
1259 1376 8 8 179348.1691
1260 1285 9 3 53.822
1261 1262 3 6 2564.0678
1263 1264 3 9 1464625.7205
1263 1384 9 2 19.1353
1264 1385 10 9 16084217.4714
1266 1271 5 4 119.0803
1266 1272 1 5 118.9569
1267 1273 2 7 8841.1079
1267 1271 6 2 13.6673
1268 1269 3 4 78.4257
1271 1275 1 10 1371217.7074
1271 1278 8 9 2511367.909
1272 1282 2 10 7170026.7742
1272 1283 4 3 23.4747
1272 1278 3 10 5352958.2634
1273 1274 4 5 529.4585
1273 1275 10 9 3321213.0193
1274 1277 6 3 36.1684
1275 1276 6 3 37.6668
1275 1279 4 2 9.5884
1276 1277 5 1 6.4332
1276 1281 5 5 550.5945
1278 1279 9 1 10.3842
1278 1292 10 6 8027.0703
1279 1280 2 4 40.2971
1279 1293 6 8 144233.9213
1280 1281 9 10 11287027.9376
1280 1294 9 8 278329.7503
1283 1287 3 4 66.0938
1283 1290 3 5 384.6246
1285 1289 3 3 17.4055
1285 1291 7 2 15.8225
1287 1288 5 5 639.7331
1287 1289 9 3 53.0708
1289 1290 10 2 21.4286
1289 1291 4 5 462.835
1290 1292 4 8 863948.9509
1291 1391 7 8 277784.1188
1292 1293 8 5 926.2914
1293 1294 1 1 2.5876
1293 1393 6 1 7.5012
1294 1395 5 8 186977.4658
1295 1296 1 6 694.9459
1295 1397 2 4 44.018
1297 1298 2 8 302181.7227
1297 1299 5 7 28525.0429
1298 1300 9 9 1711499.0822
1298 1309 7 1 8.4448
1299 1311 2 6 1071.7393
1300 1302 10 10 10640315.9805
1301 1306 2 10 4375624.7763
1301 1307 2 8 75416.897
1302 1309 1 8 29594.232
1302 1311 1 9 610515.3226
1303 1304 1 6 623.9958
1303 1305 8 4 166.2545
1304 1307 3 9 491770.9721
1305 1341 10 10 12305087.1147
1305 1344 10 6 6505.3493
1306 1314 8 8 143155.2118
1306 1326 5 9 10277130.535
1307 1317 3 6 2034.3148
1309 1310 1 3 8.005
1309 1311 2 9 657802.8543
1311 1313 7 3 44.2932
1312 1313 2 7 12431.2602
1312 1343 10 9 3189156.9033
1314 1315 1 3 7.8338
1314 1316 4 9 739498.2544
1315 1318 9 9 6876080.0444
1315 1316 2 3 12.9645
1316 1319 1 9 319831.4609
1316 1320 7 8 247349.4482
1316 1321 4 4 89.3232
1317 1326 1 6 469.5122
1317 1327 2 5 283.0373
1318 1319 9 2 19.8428
1318 1322 7 10 26930709.535
1319 1324 1 10 982989.1513
1320 1326 6 2 13.2474
1320 1330 3 9 8557927.9663
1320 1329 10 1 11.5213
1321 1330 2 8 54392.7177
1321 1324 6 8 187786.6473
1321 1332 10 1 11.5819
1321 1334 7 3 44.3804
1321 1335 9 9 1937991.4931
1322 1325 6 1 7.5376
1322 1336 10 3 63.3882
1323 1374 1 5 213.1878
1323 1325 8 10 9219749.9168
1324 1332 2 4 45.5868
1325 1375 4 4 111.3966
1326 1327 7 5 963.9316
1327 1328 1 5 144.7901
1328 1329 3 2 7.6334
1328 1350 8 3 51.3786
1329 1356 5 4 122.6701
1330 1331 2 4 47.3704
1332 1333 1 10 3198003.1338
1332 1336 5 2 11.5393
1333 1337 2 8 82720.1159
1333 1335 6 10 3608866.2281
1334 1357 1 4 24.52
1334 1358 9 9 3141421.4763
1335 1357 7 7 46728.6099
1336 1382 2 3 14.1686
1337 1383 5 3 31.3228
1337 1360 3 10 10408127.2752
1338 1340 8 6 5249.9687
1338 1339 7 8 182833.6753
1339 1342 9 8 199471.9175
1339 1351 7 4 177.6916
1342 1343 4 6 3039.9565
1342 1344 2 10 7853942.0513
1344 1348 4 9 1735926.1206
1344 1349 4 7 23906.3641
1345 1346 5 6 3100.9834
1346 2203 6 8 173942.9388
1347 2209 6 9 1433636.7255
1347 2211 8 2 17.6259
1348 1351 10 8 328593.2306
1348 2206 8 2 17.2415
1349 1350 4 8 237996.1762
1349 1352 7 2 15.058
1350 1355 9 6 8575.1591
1352 1353 7 6 4495.694
1352 1354 2 7 15330.7764
1353 1366 1 2 3.7664
1353 1355 1 6 703.1713
1354 2230 5 4 116.2091
1355 1364 4 1 5.4363
1356 1365 8 8 502384.2524
1357 1359 2 7 4765.2886
1358 1362 7 6 4907.418
1358 1363 2 10 9249954.8821
1359 1360 10 8 290688.1605
1359 1361 9 1 10.6078
1360 1412 1 6 552.0464
1360 1413 5 2 11.565
1361 1413 9 3 55.1048
1361 1372 2 8 33626.8309
1363 1367 9 5 853.3203
1363 1371 9 2 19.4163
1364 1365 1 10 5205021.3458
1364 1366 7 6 9352.7209
1365 1367 10 8 330195.3833
1365 1368 6 6 6342.7424
1366 1368 10 4 232.1483
1367 1369 7 5 672.8451
1367 1372 5 4 101.0592
1368 1369 6 3 36.6024
1368 1370 1 2 3.7184
1369 1373 9 9 2893172.013
1370 2233 9 8 198127.5084
1370 2232 1 8 37521.6666
1371 1371 8 6 5327.6196
1372 1416 8 7 31060.842
1372 1425 4 3 26.7344
1372 1426 6 8 343423.9636
1373 2233 4 8 174994.5799
1373 2237 9 7 38735.1098
1375 1376 2 4 48.3424
1375 1385 7 3 41.7848
1375 1386 1 2 3.7212
1376 1384 8 8 226721.2439
1378 1379 10 9 4239180.0962
1380 1381 7 7 35937.4934
1380 1423 10 4 246.172
1382 1414 3 1 4.547
1382 1417 4 1 5.5228
1386 1420 2 6 1825.196
1386 1402 2 5 206.6483
1387 1388 3 8 131697.8158
1389 1390 2 1 3.5206
1391 1392 5 10 4996298.1493
1391 1393 4 9 1186996.7559
1392 1394 7 10 7878744.9013
1392 1404 5 7 19116.8325
1393 1395 9 10 18522433.5956
1393 1394 3 8 110403.7609
1394 1396 1 8 23252.5885
1394 1398 5 7 14982.9742
1395 1396 10 6 6572.3238
1395 1397 4 1 5.481
1396 1399 6 2 13.8914
1397 1400 9 4 208.5175
1398 1404 5 10 11305564.4271
1398 1407 8 6 5374.8089
1398 1408 2 10 8099928.0533
1399 1400 5 5 520.9024
1399 1401 6 4 121.3155
1399 1405 2 9 1513989.3847
1402 1403 4 7 15508.018
1402 1428 1 4 26.3463
1405 1406 9 2 19.3169
1405 1407 10 10 8331135.7529
1406 1409 6 4 141.5522
1407 1409 10 2 22.1035
1408 1410 5 3 32.7435
1408 1411 8 9 1755905.7766
1410 1434 4 6 2814.6606
1410 1435 1 10 1053637.8521
1413 1414 2 8 63383.3253
1413 1416 3 2 7.6428
1414 1415 8 5 855.8242
1416 1424 5 1 6.5121
1417 1418 8 7 33236.3482
1417 1419 4 2 9.5931
1417 1424 8 2 17.5995
1418 1420 5 9 4744707.4675
1418 1421 10 10 41820871.9689
1419 1421 10 9 1377414.0529
1419 1427 9 9 2193054.5536
1420 1422 7 7 21266.8317
1421 1429 2 9 439503.875
1421 1430 10 5 1216.6845
1422 1428 8 3 48.2287
1422 1429 2 9 541892.8887
1424 1432 2 3 14.4928
1425 1426 4 3 24.7437
1425 2289 9 3 54.0631
1426 2288 1 8 19355.8271
1428 1433 10 7 28723.5538
1429 1430 4 8 204706.7111
1430 1431 5 2 11.5885
1431 1432 6 4 147.613
1431 2288 9 8 392459.6462
1433 1438 2 1 3.5234
1434 1436 2 6 1097.1619
1434 1437 5 2 11.553
1435 1437 6 10 16545985.4455
1436 1447 8 8 176006.0027
1436 1448 6 4 148.0816
1438 1439 3 8 82489.1376
1438 1442 2 8 38507.7656
1438 2311 6 5 1005.7506
1439 1442 1 5 107.089
1439 1444 10 5 1115.3654
1439 2311 9 10 21724364.3762
1440 1441 3 4 62.0211
1441 1456 6 8 152086.5358
1442 2291 3 10 4522187.7298
1443 1444 2 8 69897.7729
1443 1445 10 6 10326.3443
1443 2292 9 8 232925.8126
1444 1446 5 9 1293861.6476
1445 2301 3 6 1960.0602
1445 2305 9 8 278555.0795
1446 2303 2 6 1309.2758
1446 2304 8 4 184.297
1447 1449 8 9 2052920.2755
1448 1449 9 7 62634.2625
1450 1451 3 10 5165902.9742
1450 1506 1 9 162150.301
1450 1508 7 7 42868.9807
1452 1453 7 8 194775.0909
1452 1454 3 2 7.6597
1452 1455 5 8 227912.0055
1454 1462 7 7 40167.4496
1454 1463 1 6 533.8885
1455 1461 10 9 7131929.8789
1455 1464 1 1 2.5842
1457 1458 3 10 11226699.4111
1457 1465 6 7 53919.3306
1457 1468 1 10 1953748.7965
1458 1459 8 4 184.5348
1458 1466 3 5 422.4576
1459 1468 6 1 7.5218
1459 1469 8 3 50.405
1460 1461 1 4 26.2794
1463 1506 5 3 30.8345
1463 1511 4 4 94.256
1463 1464 10 9 820248.5315
1464 1515 8 10 23097672.6958
1465 1474 8 4 204.5788
1465 1477 8 2 18.5186
1466 1467 6 2 13.3663
1466 1471 1 8 52394.365
1467 1469 10 5 1258.9863
1467 1472 3 4 60.9528
1468 1470 10 10 11973977.2401
1469 1470 8 10 6495608.3697
1470 1473 2 9 482548.8103
1471 1478 7 7 58824.3438
1472 1473 2 10 5793908.5392
1472 1478 8 7 49674.2847
1473 1474 5 7 125431.5178
1473 1475 10 10 9306922.5394
1474 1476 2 3 12.9708
1475 1476 3 10 1487387.7021
1475 1479 7 3 41.761
1476 1477 10 8 145692.4752
1477 1550 1 6 578.9737
1478 1479 3 8 86541.5461
1479 1483 5 10 15705141.092
1480 1481 3 8 94190.2325
1480 1482 1 1 2.6025
1480 1488 10 9 657315.7181
1481 1551 5 4 123.7472
1481 1556 6 8 258884.4064
1482 1484 1 7 4822.6587
1482 1487 4 4 92.6793
1482 1486 8 6 4917.2965
1483 1484 10 4 230.8084
1484 1485 2 5 248.3414
1485 1486 7 6 3392.1726
1486 1491 1 4 27.8509
1487 1488 7 7 40604.6908
1487 1489 2 6 1539.6367
1488 1490 5 5 489.1384
1489 1493 2 9 399209.1566
1489 1492 6 3 38.2676
1490 1556 9 2 19.6696
1490 1568 8 6 5653.7442
1491 1492 1 3 7.5669
1492 1494 3 5 378.0145
1493 1570 1 6 937.4738
1493 1575 9 6 4882.3563
1494 1495 10 8 205318.8006
1495 1586 3 4 84.0227
1496 1497 1 5 99.6781
1496 1498 8 4 200.1997
1497 1499 4 2 9.7228
1498 1499 10 1 11.5168
1499 1502 5 8 89249.5662
1500 1501 10 3 64.0437
1500 1518 6 1 7.5138
1504 1505 5 7 22207.1873
1506 1507 3 4 78.1736
1507 1508 7 10 7294218.5176
1507 1509 8 5 905.6391
1508 1510 5 10 9438871.8251
1509 1512 10 2 21.4356
1509 1513 3 1 4.4986
1510 1513 6 4 148.7727
1510 1519 6 6 4877.0361
1511 1512 2 1 3.5488
1511 1515 7 4 175.7996
1512 1513 5 8 129970.9506
1512 1514 1 4 25.2679
1513 1514 6 8 194252.0561
1514 1517 4 7 19079.5699
1515 1516 6 4 154.3388
1516 1552 8 7 84955.4233
1517 1552 8 8 222698.9148
1517 1519 10 6 6592.2436
1518 1557 9 5 867.7372
1518 1521 2 2 5.5584
1519 1557 3 6 2394.5022
1520 1521 9 10 9529293.2299
1520 1546 4 10 10673943.5991
1520 1621 7 7 22350.9557
1522 1523 9 3 56.6174
1522 1526 5 1 6.4807
1524 1525 2 2 5.454
1524 1528 8 10 6467474.6952
1526 1527 4 8 132678.5457
1526 1530 5 2 11.8438
1528 1530 9 7 49552.4412
1530 1533 5 4 129.7235
1531 1532 5 7 19857.0922
1531 1535 4 1 5.5326
1532 1535 4 9 2087088.9481
1532 1536 10 9 2365769.8327
1532 1537 5 8 131914.0137
1533 1534 1 9 754609.9916
1533 1535 6 2 13.863
1536 1538 4 5 514.9742
1536 1544 3 4 67.0599
1537 1539 8 5 972.0461
1537 1541 2 2 5.5127
1538 1541 3 2 7.7477
1538 1543 8 4 197.8689
1540 1541 8 2 17.8074
1544 1547 8 3 50.7161
1544 1545 1 9 188852.4187
1545 1546 7 5 813.004
1545 1547 8 1 9.5647
1547 1548 2 5 223.4673
1548 1549 3 1 4.5177
1549 1996 7 1 8.4998
1549 1998 10 2 22.1939
1549 2050 2 7 9364.2919
1550 1551 10 4 224.5056
1550 1553 3 2 7.7652
1551 1559 9 7 38949.786
1552 1554 9 8 298596.9197
1553 1554 5 8 109520.6814
1553 1555 4 6 2386.9338
1555 1558 9 9 4748847.6915
1555 1560 3 4 71.7865
1556 1559 8 8 292497.217
1558 1563 3 5 371.8398
1558 1564 10 5 1016.139
1558 1565 8 10 20696044.4913
1559 1560 4 6 1822.1019
1560 1561 3 4 63.692
1561 1562 1 7 7265.5696
1561 1569 1 7 3967.0661
1562 1572 9 4 198.8236
1562 1565 6 3 38.9788
1562 1577 7 9 1702985.886
1563 1566 2 2 5.7178
1564 1565 10 6 6942.6865
1564 1580 3 5 406.4996
1564 1581 4 8 109036.5629
1565 1579 3 2 7.6533
1566 1567 5 6 4853.6411
1567 1595 5 9 1385381.5144
1567 1597 7 10 12145282.991
1568 1569 10 7 47859.6032
1568 1570 8 5 902.6797
1569 1572 5 3 32.205
1569 1573 3 1 4.5321
1570 1571 3 4 80.8412
1571 1575 3 1 4.5241
1571 1573 5 7 14770.6227
1572 1574 6 1 7.5231
1573 1574 6 8 111696.4042
1573 1576 7 7 20921.9817
1574 1577 6 6 4827.4692
1574 1578 9 1 10.5862
1575 1587 4 9 791507.2401
1575 1586 2 7 21190.9509
1576 1578 9 7 44539.3866
1576 1587 2 9 419432.0067
1577 1579 3 3 20.4378
1577 1582 7 6 3215.2097
1578 1594 3 2 7.6409
1579 1580 9 10 36920847.1968
1579 1583 10 2 21.8524
1580 1584 4 2 9.338
1580 1585 5 2 11.5609
1581 1595 8 6 5810.0802
1581 1585 1 7 5752.5653
1582 1583 6 8 289107.533
1582 1590 5 8 104862.2292
1583 1584 6 1 7.5311
1583 1591 7 7 29138.8203
1584 1592 7 6 7585.9219
1584 1593 6 10 31786742.7994
1585 1596 7 1 8.6202
1585 1592 3 2 7.7028
1586 1588 1 6 1092.2033
1587 1589 4 10 49391179.9898
1588 1589 6 4 160.8075
1588 1688 10 10 34672715.0832
1589 1594 7 3 44.7346
1590 1594 2 9 369429.3536
1590 1591 9 2 19.6079
1590 1690 9 6 5906.7851
1591 1593 2 8 42376.9929
1592 1600 7 7 22163.6115
1592 1692 8 2 17.9683
1593 1691 8 3 52.5706
1593 1692 8 6 9092.1547
1595 1596 8 10 6492985.9957
1596 1598 7 10 13983040.3861
1596 1600 7 5 625.7163
1597 1598 9 7 41605.6699
1597 1599 1 10 2453488.3858
1598 1601 3 7 9335.7947
1598 1602 4 3 24.5188
1599 1601 5 3 33.9299
1599 1605 9 3 55.9255
1600 1614 7 6 4068.9932
1600 1615 7 1 8.4964
1601 1603 6 9 2621537.2765
1601 1604 8 2 17.4705
1602 1604 5 7 18389.7931
1602 1616 7 8 279521.1567
1602 1615 9 1 10.4497
1603 1606 6 2 13.7759
1603 1609 4 7 22747.8707
1603 1610 5 4 125.9547
1604 1610 3 4 73.7015
1604 1620 1 10 1432120.9415
1605 1606 4 10 3933757.0204
1605 1607 2 3 13.5511
1606 1608 4 7 28513.7436
1607 1637 9 3 54.809
1607 1611 8 8 206301.8489
1609 1611 4 1 5.4953
1609 1612 1 10 1948324.5069
1609 1617 10 1 11.7726
1610 1617 5 6 3215.7135
1610 1619 10 6 6975.7913
1611 1638 2 10 1231483.385
1612 1613 3 3 19.9651
1613 1639 2 8 48183.2232
1613 1641 8 2 17.1778
1613 1761 1 1 2.5739
1614 1692 5 7 18300.7184
1614 1696 6 3 38.4186
1615 1696 6 6 3892.0459
1616 1696 3 4 79.0621
1616 1703 7 3 41.9072
1616 1620 9 4 191.7463
1617 1618 6 7 61905.1092
1618 1619 8 10 20692111.4872
1618 1706 8 3 50.3671
1618 1711 9 10 137997048.0982
1619 1620 9 7 50947.866
1619 1705 1 2 3.573
1620 1704 8 6 5580.8648
1621 1622 10 3 65.4474
1622 1623 1 10 5063405.6934
1623 1637 9 9 1113208.0984
1623 1643 8 7 40781.9067
1623 1649 4 3 25.3786
1624 1625 6 8 154444.4439
1624 1629 5 10 18741859.6364
1624 1626 8 5 1147.5791
1626 1627 7 6 6198.2467
1627 1628 1 3 7.5713
1628 2050 8 9 3953187.5773
1629 1634 3 5 346.1883
1630 1631 4 1 5.4823
1630 2064 2 5 246.5518
1630 2073 4 2 9.4236
1631 2053 5 1 6.4536
1631 2069 6 8 350631.409
1632 1633 5 5 693.4529
1632 1647 1 5 120.446
1632 1662 10 6 7603.6684
1634 1662 3 4 72.5303
1634 1635 10 7 60126.7454
1635 1636 8 2 18.2522
1635 1663 7 7 29359.9264
1637 1642 4 8 92119.9629
1638 1639 3 10 6902042.7615
1639 1640 9 8 232836.3527
1641 1642 3 5 364.6351
1641 1654 9 3 54.6001
1643 1644 8 4 186.7645
1643 1645 1 10 1069401.9025
1644 1646 1 6 1338.5045
1644 1647 8 6 7299.2736
1645 1649 4 9 5695219.1385
1645 1646 10 9 2330212.6162
1646 1648 7 6 6100.9646
1647 1648 10 9 4004091.6971
1648 1651 8 10 21076207.0641
1648 1652 1 3 7.6115
1648 1653 5 8 244054.877
1648 1658 10 1 11.5381
1649 1650 6 9 1165986.806
1650 1655 10 4 225.3581
1650 1658 6 9 642529.2204
1650 1659 10 9 1953712.9387
1651 1662 6 3 43.6574
1651 1666 8 7 51901.04
1651 1652 6 5 778.8044
1652 1681 8 5 875.8267
1652 1682 1 3 7.9172
1653 1661 1 5 102.2972
1653 1682 5 4 132.5716
1653 1767 8 4 188.6212
1654 1655 9 6 7090.2831
1654 1759 10 1 11.5887
1656 1657 1 3 8.0731
1658 1660 5 4 126.8845
1659 1660 8 7 36810.0165
1659 1765 8 9 10278109.5459
1660 1661 7 2 15.9163
1661 1765 3 5 334.5905
1663 1664 4 1 5.5633
1663 1665 3 6 1944.3582
1663 1666 4 6 2941.504
1664 1667 6 3 36.9951
1664 1669 8 10 9268251.3641
1664 1670 5 9 721726.0048
1665 1671 5 7 25104.0386
1665 1669 7 6 6279.6637
1666 1667 1 1 2.5866
1667 1668 9 9 2571041.7653
1667 1681 3 3 19.0744
1668 1683 8 4 190.7235
1668 1795 8 2 17.6249
1668 1670 3 6 2069.495
1669 1674 5 8 269938.1017
1669 1678 6 9 1885177.0434
1670 1678 2 6 1042.2483
1671 1672 8 1 9.4991
1671 1673 7 7 32199.9342
1671 1674 10 10 7768046.8697
1673 1675 4 7 19808.9843
1673 1676 3 7 14353.8212
1674 1677 2 10 1878327.2716
1674 1679 7 2 15.3755
1675 1677 4 10 10754912.6791
1675 1680 6 4 141.1667
1676 2051 6 7 16818.129
1677 1680 1 1 2.5807
1677 1684 3 4 72.5273
1678 1679 3 1 4.5286
1678 1800 3 7 21947.8042
1679 1804 8 3 50.2809
1680 2083 8 9 1638845.2128
1680 2084 6 5 720.7012
1681 1683 6 5 586.9626
1682 1683 5 4 110.3454
1682 1796 1 7 2287.4029
1683 1798 7 9 2556263.8464
1684 1685 6 6 4368.3849
1684 1686 9 1 10.4492
1685 1687 1 6 822.8795
1685 1807 4 2 9.5864
1686 2084 2 6 1217.2004
1686 2097 3 4 70.9508
1686 2098 9 5 1135.9186
1687 1810 2 8 179958.841
1687 2097 4 4 83.5404
1688 1689 4 10 7686105.0669
1689 1690 9 10 15229390.3439
1689 1695 4 2 9.7126
1690 1691 7 10 27465913.0255
1690 1693 5 3 32.337
1691 1694 4 2 9.2332
1693 1694 1 3 7.8356
1693 1695 6 3 35.2903
1694 1696 5 1 6.4139
1694 1697 6 4 139.0047
1695 1698 7 1 8.485
1695 1699 5 6 3238.3756
1696 1702 6 4 138.4619
1697 1702 8 3 45.4612
1697 1713 5 3 33.015
1698 1699 9 6 7043.5657
1698 1700 3 5 323.118
1699 1701 3 1 4.5602
1700 1713 7 3 41.7909
1700 1714 3 1 4.5001
1701 1717 6 7 24667.4157
1701 1725 5 7 71785.2314
1702 1703 6 7 36568.5893
1703 1704 7 9 1874919.4265
1704 1705 9 4 182.0706
1704 1710 10 7 55299.6902
1705 1711 10 8 610901.4493
1706 1707 1 5 108.1685
1707 1708 8 4 173.3075
1707 1709 10 2 21.5284
1709 1730 5 1 6.5782
1710 1715 7 6 4441.4583
1710 1728 4 5 432.8428
1710 1719 4 6 2565.3091
1711 1712 8 5 959.9639
1712 1728 3 1 4.5264
1712 1730 9 9 2079597.6402
1713 1715 9 9 5985440.291
1714 1716 7 5 744.414
1714 1717 10 10 5287986.0128
1715 1718 7 6 4141.29
1716 1718 7 9 1530101.2924
1716 1720 5 5 578.4181
1716 1721 5 10 17166546.5947
1717 1722 5 10 22644158.7457
1718 1719 7 7 19732.8453
1719 1721 3 3 19.6201
1720 1722 1 3 7.8135
1720 1723 7 1 8.4795
1721 1723 8 8 217264.4375
1722 1724 5 7 24475.951
1722 1726 5 5 722.7679
1723 1724 4 9 913989.4555
1724 1727 3 1 4.493
1724 1737 9 2 20.1197
1725 1726 2 2 5.6435
1725 1740 1 7 3207.9566
1726 1727 4 4 98.6854
1727 1741 10 5 1224.9795
1728 1729 2 2 5.5805
1729 1737 7 2 15.4476
1729 1734 9 9 4601374.7927
1729 1738 4 3 25.3442
1730 1731 2 4 62.1258
1730 1732 8 10 21014078.8849
1731 1733 5 3 31.3298
1731 1734 5 9 2039146.0066
1732 1776 8 9 1735530.9663
1732 1736 6 6 3976.0094
1732 1777 8 9 3112551.163
1733 1735 7 9 2066608.0612
1733 1736 5 5 559.5211
1734 1735 6 7 23851.8876
1734 1744 8 9 1183553.1726
1735 1739 8 6 3809.9334
1736 1778 9 5 965.5861
1736 1739 10 2 21.4573
1738 1744 10 8 243244.4691
1738 1745 2 9 1996796.775
1739 1780 6 4 146.6007
1739 1746 5 2 11.6304
1740 1743 6 9 5418449.0337
1741 1742 7 6 5343.2926
1741 1745 1 4 25.561
1743 1751 4 1 5.4939
1744 1746 3 4 70.1524
1745 1747 4 10 6893583.6203
1745 1748 7 10 68604312.8665
1746 1749 6 7 14596.0246
1747 1749 3 8 84435.6054
1747 1750 6 5 657.2423
1747 1754 9 6 7715.6686
1749 1840 6 2 13.5856
1749 1842 9 4 226.1613
1750 1755 9 6 6980.4352
1750 1842 9 3 55.3825
1751 1753 1 2 3.6728
1752 1753 7 2 16.097
1752 1754 5 4 128.8238
1752 1757 8 7 28998.4548
1752 1758 7 8 315107.3718
1755 1756 4 8 122391.8276
1755 1852 6 9 2240516.9091
1758 1890 6 1 7.6168
1759 1762 5 10 11446426.5939
1760 1761 2 5 261.7909
1760 1762 5 10 50061224.5291
1760 1776 9 1 10.6826
1762 1763 7 2 15.6371
1762 1764 9 1 10.4273
1764 1781 1 8 23870.895
1765 1766 1 2 3.6544
1766 1767 7 3 42.0795
1766 1770 3 2 7.4218
1767 1774 4 4 99.4745
1768 1769 10 6 7952.5959
1770 1771 6 9 813506.9034
1770 1772 4 2 9.7169
1770 1781 3 8 76886.5888
1771 1773 10 1 11.5329
1771 1775 4 4 91.2436
1772 1779 5 9 1460963.495
1772 1784 5 1 6.4787
1773 1788 7 5 985.4641
1773 1790 4 4 109.0983
1774 1775 6 6 4329.1955
1774 1796 3 9 364010.9954
1774 1791 5 8 121745.0142
1777 1781 3 9 909000.9804
1778 1779 10 9 2695421.3127
1778 1780 8 8 166932.6659
1779 1781 6 10 16633989.7291
1779 1782 9 5 1009.8841
1780 1782 1 5 143.5487
1780 1783 1 7 9523.7018
1782 1784 6 4 139.668
1782 1785 9 3 55.5484
1783 1785 5 8 143736.8769
1783 1839 9 4 286.4937
1784 1788 2 1 3.5673
1785 1788 1 6 542.3884
1785 1838 10 6 6807.924
1786 1787 3 6 2626.1435
1786 1791 7 4 179.959
1786 1790 1 9 283748.5767
1788 1789 5 3 31.4766
1789 1838 8 7 44800.394
1789 1847 2 4 47.4931
1789 1848 8 1 9.4261
1790 1792 1 8 33598.3589
1791 1799 1 8 86923.899
1791 1793 6 9 1470622.7304
1792 1793 6 5 846.0324
1792 1794 4 6 3977.3935
1793 1815 5 6 4695.7207
1793 1820 7 8 279183.7003
1794 1845 4 9 2246149.2403
1794 1820 9 4 218.1489
1795 1800 4 2 9.1966
1795 1801 10 10 46644775.2251
1796 1797 8 9 2658150.0205
1797 1798 10 9 1404812.079
1797 1799 4 9 1379705.4299
1798 1801 3 10 14846428.04
1799 1801 5 8 191586.5849
1799 1813 5 1 6.5072
1800 1805 4 9 1242610.5724
1800 1804 6 3 36.395
1801 1802 8 9 1360201.2393
1802 1803 10 1 11.5385
1802 1816 10 3 63.7313
1803 1805 4 1 5.5065
1803 1808 7 2 15.441
1803 1809 5 1 6.5894
1804 1807 7 6 5786.1438
1805 1806 6 10 22470426.2303
1806 1807 7 9 1766868.4395
1806 1808 8 4 191.8156
1808 1810 4 8 109437.807
1808 1824 3 5 266.0621
1809 1819 2 5 257.5937
1809 1824 9 6 4886.1579
1809 1825 3 3 19.1627
1810 1811 8 2 17.3825
1810 1812 7 5 751.0592
1811 1826 2 2 5.6911
1811 1829 3 9 800717.7953
1811 1830 3 5 354.1388
1812 2659 10 8 403956.1451
1812 2662 6 6 4007.7753
1812 1830 2 4 45.7658
1813 1814 1 9 222773.5995
1813 1815 10 6 6627.992
1814 1816 2 6 1625.5161
1814 1817 6 9 982517.2525
1815 1817 1 3 7.405
1815 1864 3 1 4.5484
1816 1818 2 3 13.5336
1816 1819 10 10 25343902.3502
1817 1818 10 4 242.9256
1817 1821 3 9 490257.9994
1818 1822 5 10 3162309.894
1818 1823 9 10 8298633.9339
1819 1822 6 10 8331125.2424
1820 1864 7 5 981.779
1820 1846 7 7 28110.9907
1821 1865 3 6 2709.3196
1821 1823 6 10 10676080.7409
1821 1867 2 9 503191.7306
1822 1825 3 3 19.8221
1822 1831 8 9 2344270.3738
1823 1831 10 3 59.4169
1823 1870 10 9 1722715.5492
1824 1826 1 6 531.1959
1824 1827 9 10 16679936.2759
1825 1832 6 6 5037.1998
1825 1833 6 4 133.8972
1826 1828 5 5 676.6467
1827 1832 6 2 13.9503
1827 1828 10 6 8813.0635
1827 1835 5 1 6.54
1828 1829 9 8 232095.022
1829 1836 9 9 1673329.6333
1829 1837 2 6 1520.6858
1830 1837 10 9 6677021.284
1830 2665 2 5 283.0305
1831 1833 3 3 21.2039
1831 1872 5 10 5967024.3963
1832 1834 6 4 139.8934
1833 1834 10 7 51473.7934
1833 1881 2 2 5.7285
1834 1873 3 6 1615.7097
1834 1882 2 10 3265481.2637
1835 1836 7 6 3673.2536
1835 1873 2 1 3.56
1836 1874 8 10 17328737.6331
1837 2672 1 5 114.7401
1837 2673 5 3 29.8539
1838 1841 6 4 127.4182
1838 1844 8 6 5394.5917
1839 1840 3 2 7.6144
1839 1841 5 2 11.4448
1840 1841 3 2 7.5814
1841 1843 6 3 37.418
1842 1843 2 7 11782.7429
1842 1851 8 3 55.2307
1843 1844 9 7 31845.8051
1843 1851 5 6 2541.561
1844 1853 5 2 11.5643
1844 1848 1 3 7.5182
1845 1846 1 10 1312839.7795
1845 1847 7 7 31071.4662
1846 1865 2 2 5.6423
1846 1850 2 2 5.764
1847 1849 1 5 108.4751
1847 1850 9 6 5463.4338
1848 1849 4 5 599.0849
1848 1858 5 10 11812603.1896
1849 1859 2 4 51.8593
1849 1860 1 9 604513.6396
1850 1868 4 9 414647.1489
1851 1854 7 1 8.4772
1851 1855 6 1 7.5336
1853 1855 5 10 4755297.3695
1853 1858 4 9 645259.4264
1853 1857 6 2 13.5258
1854 1856 8 10 20723964.8994
1854 1855 10 7 33316.2945
1855 1857 5 5 607.8089
1856 1891 6 3 34.4782
1856 1892 9 9 1708853.1484
1857 1861 2 7 9381.0406
1858 1860 2 2 5.4684
1858 1861 10 1 11.3195
1859 1868 4 2 9.3398
1859 1869 1 1 2.5726
1859 1862 5 8 176366.6402
1860 1862 4 7 27962.6506
1860 1863 3 1 4.4753
1861 1901 5 2 11.2464
1861 1903 2 3 13.4075
1862 1879 2 4 49.4454
1862 1880 5 8 97631.8284
1863 1901 1 4 21.5678
1863 1880 9 3 52.6135
1863 1902 5 5 598.2393
1864 1865 10 10 19286806.9742
1865 1866 8 4 200.6773
1866 1868 9 4 237.3552
1866 1867 4 1 5.5531
1866 1869 3 10 23990657.8784
1867 1870 5 2 11.6888
1869 1871 9 7 25129.6559
1870 1871 8 9 846580.5569
1871 1872 7 4 166.4325
1872 1881 8 8 215619.2585
1873 1875 4 5 435.4486
1873 1884 3 5 384.8076
1874 1875 2 7 17931.5155
1874 1877 2 3 13.967
1874 1878 8 9 1047405.5782
1875 1876 4 1 5.5136
1876 1884 10 10 39329608.8074
1876 1877 3 5 307.2747
1877 1886 8 1 9.5145
1877 1887 3 10 3548177.233
1878 2713 8 6 16221.5648
1878 1887 10 3 56.8701
1880 1921 1 3 7.6871
1880 1904 4 10 5115005.5632
1881 1882 2 5 229.7743
1881 1883 9 10 13375751.9856
1882 1884 4 4 105.6112
1883 1885 9 3 56.0916
1883 1925 7 8 541658.4115
1884 1885 6 6 5589.6065
1885 1886 7 6 3683.3687
1885 1929 2 5 234.2718
1886 1888 10 10 11838832.8271
1886 1889 7 5 850.5382
1887 2715 1 2 3.5583
1888 1929 7 1 8.4895
1888 1932 6 7 34142.7313
1888 1933 2 7 7400.5462
1889 2715 2 3 13.3741
1889 2733 8 1 9.5631
1889 1933 10 1 11.4819
1890 1893 2 7 6352.3291
1892 1893 3 6 2284.5962
1892 1894 1 10 4443056.6286
1894 1895 5 3 30.0327
1894 1897 6 3 41.2901
1894 1898 6 2 13.645
1895 1896 9 1 10.6304
1895 1899 4 1 5.5427
1897 1900 10 4 231.8826
1897 1910 9 2 19.3621
1899 1900 10 2 21.4577
1900 1903 9 3 56.8983
1900 1905 6 5 725.1964
1900 1907 2 9 275025.8603
1901 1902 4 5 467.1145
1902 1904 7 9 1756502.1583
1904 1926 6 9 1019756.2726
1904 1927 9 8 308542.998
1905 1906 6 2 13.5479
1905 1908 3 1 4.5011
1906 1907 10 10 14265932.436
1906 1913 3 10 7301380.222
1907 1912 7 10 21965360.9278
1908 1909 9 5 1103.6941
1908 1916 8 1 9.471
1909 1927 8 6 6081.7524
1909 1917 6 9 2151276.4562
1909 1936 2 10 5093918.4276
1910 1911 3 7 22491.4035
1911 1912 10 3 63.0826
1911 1914 4 3 25.1759
1912 1913 1 2 3.6737
1913 1915 2 7 5217.2206
1913 1914 2 9 238098.9773
1914 1918 1 4 27.0082
1915 1916 3 5 445.3065
1915 1919 6 5 684.7931
1916 1917 5 8 142806.443
1917 1920 3 5 386.6061
1918 1951 7 6 4111.6002
1918 1954 10 3 58.129
1919 1920 7 9 1001876.4333
1919 1951 2 6 1220.742
1920 1939 9 6 5405.3639
1920 1952 2 5 179.6575
1921 1922 5 6 4807.3958
1921 1923 10 10 8898252.9435
1922 1924 1 5 131.0377
1922 1925 4 8 105966.2834
1923 1926 5 2 11.46
1923 1924 6 2 13.5434
1924 1928 8 10 18714025.2425
1925 1929 7 9 2486898.467
1925 1930 5 5 579.2368
1925 1931 8 10 44099564.923
1926 1928 2 6 1061.2207
1928 1937 5 10 5801554.1349
1929 1930 6 2 13.6038
1930 1934 6 7 34044.6964
1930 1935 9 1 10.3253
1931 1937 7 6 4991.5769
1931 1934 10 10 46484335.1982
1931 1938 3 6 2472.4552
1932 1935 8 8 109183.0881
1932 1946 2 3 13.3229
1932 1947 8 4 213.5209
1933 2911 2 4 54.4478
1933 2912 10 7 23567.9289
1934 1935 4 5 435.9361
1934 1945 5 3 31.1849
1935 1946 2 1 3.5432
1937 1938 2 1 3.5458
1938 1945 7 1 8.3922
1939 1940 3 3 19.5749
1940 1955 10 3 58.8359
1940 1943 10 7 44480.0168
1940 1959 3 3 18.8001
1941 1942 9 10 14734288.0
1941 1960 1 5 157.4866
1941 1961 2 3 14.3347
1943 1944 4 2 9.6368
1943 1958 9 5 1018.0324
1943 1959 9 2 18.9974
1944 1958 5 3 32.585
1945 1948 1 4 21.5307
1946 1948 10 10 21040784.1983
1946 1949 8 8 253641.0924
1947 2912 8 1 9.5905
1947 2915 2 6 1885.4311
1947 1949 4 3 23.04
1948 1950 6 7 21320.8495
1949 2925 2 7 16804.4686
1949 1950 7 6 5409.2768
1950 2926 4 5 612.5359
1950 1962 10 4 288.3119
1951 1952 7 5 625.4455
1952 1955 2 5 232.1184
1953 1954 1 7 5308.2721
1953 1956 4 6 3030.5363
1953 1955 10 3 60.8667
1956 1957 6 4 135.0018
1957 1970 4 6 2817.7539
1958 1960 1 6 1035.3345
1958 1973 4 3 24.033
1959 1972 10 6 7512.0223
1960 1961 4 9 1034390.4366
1960 1964 8 4 198.1136
1961 1966 10 4 253.0645
1962 1963 1 3 7.767
1962 2926 2 1 3.5469
1963 1966 9 2 19.6056
1964 1965 6 5 686.0671
1964 1973 3 8 143708.4221
1965 1966 5 5 514.5496
1965 1967 3 1 4.5446
1966 1968 2 8 47519.7586
1967 1968 6 7 24398.1786
1967 1976 5 1 6.5352
1968 1969 5 9 1849543.3422
1969 1976 5 1 6.4972
1969 2983 9 9 1454593.0618
1970 1971 4 2 9.7322
1971 1972 10 4 217.7539
1971 1974 9 4 251.6748
1972 1973 9 3 56.6903
1973 1975 3 8 138779.0683
1974 1975 8 5 1081.9671
1976 1977 5 3 33.298
1978 1979 9 8 180285.9227
1978 1980 6 7 46993.3572
1978 1981 5 5 660.0453
1981 1983 4 8 180594.642
1982 1983 2 5 239.8851
1982 1993 7 10 19832418.6672
1983 1987 2 3 13.7164
1984 1985 9 1 10.4105
1984 1988 8 1 9.5702
1984 1989 7 6 3964.8685
1985 1987 8 2 17.6636
1986 1987 4 7 12249.2698
1986 1988 9 7 62490.6219
1988 1992 9 3 56.6431
1991 2002 1 1 2.5732
1992 1995 4 10 10251529.0142
1992 2005 2 3 13.5614
1993 1994 8 7 40619.1381
1994 1995 8 2 17.5351
1994 1996 6 5 649.0848
1995 1997 9 3 55.7847
1997 1998 2 1 3.5272
1998 2021 1 8 27947.4778
1998 2046 7 8 172539.1121
1999 2246 7 8 173923.8378
1999 2204 9 4 212.2338
2001 2002 3 10 7394510.8444
2001 2004 3 3 19.7279
2003 2006 10 7 45660.8008
2003 2008 9 5 1186.5265
2004 2005 1 1 2.5886
2005 2012 2 4 53.0037
2005 2015 6 7 39985.6882
2006 2007 1 9 127645.8874
2010 2011 5 5 705.8302
2010 2013 1 5 115.5685
2011 2035 10 7 42246.4089
2012 2013 6 1 7.5115
2012 2014 10 5 1056.1483
2013 2035 8 4 168.9188
2014 2017 5 4 115.6166
2015 2016 8 8 495032.138
2015 2021 8 2 17.7282
2016 2019 4 3 26.0561
2016 2018 1 6 551.0812
2017 2018 2 7 5318.9757
2017 2020 7 4 181.4245
2017 2247 8 3 48.2688
2019 2024 2 7 7877.3043
2020 2030 6 2 13.564
2020 2031 7 2 15.5531
2022 2023 5 3 33.4908
2022 2034 1 1 2.5932
2022 2120 7 5 836.7177
2023 2120 4 7 161546.0882
2023 2122 6 3 39.0338
2023 2121 5 6 2759.2849
2024 2025 4 9 2660347.9618
2024 2036 9 5 1241.5874
2025 2026 10 9 2390771.1064
2025 2122 2 9 770268.2752
2026 2123 5 3 32.4945
2027 2028 4 3 25.7862
2027 2032 9 6 7051.8599
2027 2036 1 2 3.6016
2028 2029 4 3 26.0398
2028 2032 6 3 37.0987
2031 2247 4 7 23924.2585
2031 2250 10 4 242.3452
2031 2159 2 5 298.1566
2032 2033 4 7 17313.6974
2033 2039 6 7 22850.6558
2033 2043 4 1 5.5516
2033 2044 1 8 33236.8598
2036 2037 1 1 2.588
2036 2039 8 2 17.9778
2036 2141 8 3 50.9909
2037 2038 5 4 119.2862
2037 2125 5 4 108.0034
2038 2125 9 2 19.484
2038 2141 1 2 3.756
2038 2142 8 4 205.796
2039 2042 7 3 47.4496
2040 2041 6 9 4099881.0757
2040 2043 3 10 1971715.0259
2040 2147 7 10 87897307.177
2042 2141 1 6 994.5747
2042 2144 9 6 4895.0714
2042 2145 8 8 188045.9652
2043 2045 6 4 129.7629
2044 2045 7 1 8.5127
2044 2144 5 5 607.4255
2045 2147 4 9 2913976.9572
2046 2047 2 5 316.2404
2046 2048 6 5 686.6239
2047 2048 4 1 5.5453
2047 2064 10 8 366166.6667
2048 2049 5 2 11.6527
2049 2052 8 7 21155.0373
2050 2051 8 7 42847.3409
2051 2056 9 3 49.6562
2051 2057 6 3 36.5979
2052 2055 10 4 213.5835
2053 2072 6 3 39.281
2054 2055 1 2 3.7533
2054 2078 8 5 848.0997
2054 2081 2 8 109012.9973
2054 2082 8 10 5395861.7938
2056 2077 7 4 168.7127
2057 2083 9 5 1515.4068
2058 2059 6 7 21424.3447
2058 2067 1 7 5245.9345
2058 2069 9 9 2153957.9367
2060 2061 4 6 2232.1136
2060 2081 10 7 36772.2013
2060 2062 7 5 879.4189
2062 2063 9 8 153580.0861
2062 2065 8 10 14192301.4746
2062 2087 6 3 37.8229
2064 2069 5 7 20523.5511
2065 2066 2 4 53.8572
2065 2088 6 4 139.5624
2067 2068 1 8 59502.9666
2067 2088 9 6 7542.0564
2067 2089 4 3 26.289
2069 2095 2 6 1208.2834
2070 2071 3 5 403.6163
2070 2120 4 2 9.5837
2070 2121 3 9 1076307.0932
2071 2072 4 7 17757.7409
2072 2074 2 9 939445.2376
2072 2110 1 9 261527.4427
2074 2075 7 4 160.7462
2074 2076 10 10 25254050.0635
2074 2115 3 4 75.3707
2075 2111 9 2 19.239
2075 2076 6 3 38.5047
2076 2131 9 5 992.5395
2077 2078 10 6 6428.1603
2077 2079 3 6 1729.8315
2078 2080 9 9 2217102.0158
2079 2083 2 4 49.8693
2079 2080 7 6 4261.7154
2079 2085 7 10 19647592.8175
2080 2086 7 6 5400.9726
2081 2082 5 5 491.6154
2082 2086 2 5 282.1297
2082 2090 7 7 40032.087
2083 2085 9 3 60.4585
2085 2099 3 5 348.3105
2086 2090 4 6 3872.2618
2086 2091 6 3 36.4028
2087 2090 8 3 50.138
2087 2093 9 10 36286659.1437
2087 2092 3 5 355.2914
2088 2093 2 2 5.5905
2089 2093 10 7 69203.211
2089 2095 5 9 1412635.36
2089 2096 5 5 570.6613
2090 2092 1 9 272733.4434
2091 2099 3 5 343.4555
2091 2102 3 9 553186.9689
2092 2100 9 9 1399875.8199
2093 2094 9 7 38096.7361
2094 2096 8 9 1171824.1739
2094 2101 3 10 4403013.2183
2094 2100 2 2 5.6262
2095 2103 7 9 1488787.8246
2095 2104 5 8 114131.5144
2095 2105 1 4 23.4623
2095 2096 7 9 1205639.9604
2096 2666 10 4 222.8893
2097 2098 5 4 128.0767
2097 2659 5 5 665.3251
2098 2099 7 9 1865569.7961
2098 2660 6 7 20346.9307
2099 2661 7 5 958.3015
2100 2102 5 10 71805772.156
2101 2102 6 5 690.6329
2101 2664 4 1 5.5832
2101 2666 3 10 29859186.1242
2102 2661 3 5 353.6499
2103 2106 5 3 32.3548
2103 2107 9 6 4654.7068
2104 2106 7 1 8.4244
2104 2110 2 2 5.6549
2105 2666 3 6 1976.8986
2105 2107 8 9 2663530.6546
2105 2669 9 10 17695777.9744
2106 2108 6 7 78765.5994
2106 2109 1 3 8.4929
2107 2685 6 7 49625.7779
2107 2109 7 7 43707.4326
2108 2110 7 4 190.4309
2108 2113 5 9 2351722.1274
2108 2114 6 5 709.4893
2109 2114 1 5 130.9768
2109 2688 2 6 1205.779
2111 2112 4 5 411.2676
2111 2115 9 7 40860.6339
2112 2132 10 9 3929608.7077
2112 2160 8 4 212.8637
2112 2161 3 9 537746.1656
2113 2115 9 4 229.1963
2113 2116 2 7 9960.4195
2113 2117 10 6 8224.6032
2114 2117 5 5 528.0832
2114 2691 10 5 1148.3951
2116 2118 3 9 299617.8973
2116 2119 1 3 7.6998
2117 2119 3 9 417604.0572
2117 2692 8 2 17.7971
2118 2161 4 3 26.5759
2118 2165 2 8 82388.6463
2118 2166 5 9 881833.8405
2119 2165 8 10 13732537.9771
2119 2696 3 10 13015990.7021
2121 2126 1 10 1465431.3026
2122 2127 4 7 14356.0994
2123 2124 5 4 112.6819
2123 2125 7 7 26803.4298
2123 2136 6 7 27352.8638
2124 2130 1 7 5547.5817
2125 2139 9 5 891.8778
2126 2127 10 10 32491165.6829
2126 2128 10 10 12202250.2404
2126 2131 1 7 12770.9113
2127 2128 6 8 296771.6834
2128 2129 6 10 11866993.3261
2128 2130 1 3 7.6701
2129 2132 3 5 319.0235
2129 2133 1 10 1131853.5399
2129 2134 4 6 2940.4297
2130 2135 5 2 11.6816
2130 2133 2 7 7024.963
2131 2132 1 5 99.4212
2133 2137 9 3 56.5893
2133 2164 5 5 632.2273
2134 2160 8 6 4687.8723
2134 2163 2 1 3.5657
2134 2164 4 6 2589.9695
2135 2136 4 1 5.4757
2135 2137 6 5 713.895
2136 2138 6 5 1086.9666
2136 2139 3 6 2244.0969
2137 2138 10 9 1567325.7882
2137 2169 5 10 432464162.3209
2138 2140 1 1 2.5931
2138 2172 4 2 9.7213
2139 2142 9 2 20.6308
2139 2140 6 7 14803.5803
2140 2149 7 6 4077.8486
2140 2151 9 7 30955.8466
2141 2143 1 10 1372096.2885
2142 2143 2 4 41.2623
2142 2149 5 9 3100874.9905
2143 2150 3 8 47153.7105
2143 2145 7 2 15.4283
2144 2146 9 6 6775.0699
2145 2155 6 3 36.0669
2145 2153 4 1 5.5336
2146 2148 1 2 3.6612
2148 2155 10 2 22.0954
2149 2150 4 7 18444.2632
2149 2152 4 10 4719146.2299
2150 2153 6 2 13.0322
2150 2154 2 2 5.9065
2151 2172 2 7 12080.9789
2151 2152 6 9 1238410.2489
2151 2184 9 4 239.619
2152 2188 2 10 4112980.0369
2153 2156 5 6 4423.8642
2154 2188 10 5 1318.8291
2154 2189 1 6 659.0759
2154 2190 9 6 6002.4427
2155 2156 2 5 283.8825
2156 2157 4 3 27.7612
2157 2158 3 5 281.1358
2157 2191 1 8 44867.5337
2158 2159 4 1 5.5034
2158 2191 3 6 1873.3522
2158 2426 10 10 43960610.6739
2159 2422 4 4 90.7704
2160 2162 5 9 1943249.1921
2161 2162 8 2 17.1889
2162 2163 3 2 7.5043
2162 2166 9 7 61848.4975
2163 2167 6 6 4445.6015
2163 2168 6 4 161.4904
2164 2169 8 1 9.6028
2164 2167 6 6 3308.1501
2165 2770 9 1 10.5532
2165 2179 9 3 57.2093
2166 2168 10 3 62.5068
2166 2179 2 5 265.7682
2166 2177 2 10 2745232.2199
2167 2170 9 7 26070.8531
2167 2171 7 9 1513695.3791
2168 2177 9 1 10.5136
2168 2171 9 2 19.4422
2169 2170 7 10 44081819.272
2170 2172 5 10 23296266.2179
2170 2173 3 6 1613.7306
2171 2173 1 4 24.7931
2172 2174 7 3 45.4279
2173 2174 5 8 99300.6985
2173 2182 10 4 212.3354
2174 2183 6 5 745.425
2174 2184 5 10 4467973.4713
2175 2176 6 8 269818.3643
2176 2782 3 8 89399.7226
2176 2806 6 10 11166119.9436
2177 2178 4 3 24.005
2177 2180 6 9 1416288.9182
2178 2180 5 9 1398656.2259
2178 2182 1 3 7.6238
2178 2186 10 5 1116.856
2179 2773 6 10 7137693.1278
2179 2771 9 9 1460961.7172
2180 2181 4 5 409.6611
2180 2773 6 1 7.5521
2181 2773 6 8 107029.5651
2181 2775 6 10 5794426.8456
2181 2776 9 7 76467.0253
2182 2183 1 5 146.7547
2182 2187 2 9 166273.0295
2183 2185 4 4 97.5105
2183 2782 1 4 23.1406
2184 2196 6 7 23573.5974
2184 2185 4 8 122068.5993
2185 2196 9 8 200787.1615
2186 2776 2 3 13.4883
2186 2187 10 5 1026.9327
2186 2781 5 1 6.5799
2187 2781 7 6 5159.8349
2187 2782 1 8 24294.1757
2188 2196 1 10 5334914.978
2189 2191 3 9 974459.1048
2189 2198 4 8 63802.4362
2190 2196 7 2 14.95
2190 2197 4 6 3181.3416
2190 2198 5 1 6.4082
2192 2193 4 1 5.5277
2192 2198 1 5 104.093
2192 2194 3 3 19.9127
2192 2200 10 9 1657713.2831
2194 2195 2 10 3190063.5267
2194 2201 10 9 1838391.6972
2194 2202 2 8 63489.3979
2197 2806 10 8 268971.6048
2198 2199 4 2 9.5465
2199 2806 9 2 20.3771
2199 2200 9 10 26209886.9495
2199 2813 9 9 5120761.6213
2200 2202 6 2 13.6327
2200 2812 6 8 161577.3936
2201 2496 6 10 13694888.9184
2201 2493 10 6 5597.2241
2201 2501 9 7 39747.6943
2202 2809 2 8 72465.2272
2202 2501 7 4 148.5577
2204 2205 5 4 137.2599
2204 2231 5 9 1963743.3413
2207 2208 6 3 39.3877
2207 2212 8 5 863.2465
2209 2210 3 3 19.4703
2209 2216 9 10 27646962.2915
2210 2216 1 6 600.6134
2210 2218 2 8 58045.5378
2211 2212 2 7 5659.3154
2211 2219 10 4 274.9915
2211 2218 5 5 555.7852
2213 2214 7 2 15.6977
2213 2215 10 7 92549.929
2215 2225 1 6 700.8422
2216 2217 4 3 25.6317
2217 2223 5 6 3568.3404
2217 2227 5 1 6.4712
2218 2223 2 9 715662.2351
2219 2220 9 4 211.2166
2220 2224 1 3 7.7995
2220 2223 7 6 5535.619
2221 2222 1 4 26.2542
2224 2226 1 1 2.5928
2226 2228 1 9 367319.6048
2228 2229 4 3 25.9568
2228 2242 3 3 19.1399
2228 2252 1 3 7.677
2229 2254 3 2 7.4937
2230 2232 5 4 135.6679
2230 2234 7 8 260974.0551
2232 2236 6 6 2680.0652
2232 2235 10 1 11.5314
2233 2235 1 7 6140.5129
2234 2236 7 10 7048927.4095
2234 2240 7 1 8.5204
2235 2237 3 5 268.8581
2236 2238 9 2 20.0653
2237 2238 10 10 1735056210.3309
2237 2239 1 10 2568629.7962
2238 2240 4 7 47238.702
2238 2241 9 10 6067149.8949
2239 2289 1 7 2992.9568
2239 2290 8 6 6224.7898
2240 2295 4 5 533.7717
2241 2290 8 2 17.6921
2241 2295 5 2 11.7169
2242 2247 7 1 8.6075
2243 2244 4 6 3114.7745
2245 2246 9 8 552101.1123
2248 2249 4 7 13734.8177
2248 2252 1 1 2.5792
2248 2258 9 5 1046.7871
2250 2251 1 4 26.1272
2250 2258 1 6 672.7708
2252 2253 7 2 15.9517
2253 2260 7 1 8.5008
2253 2268 7 4 147.2344
2254 2255 5 6 3697.88
2255 2279 5 3 31.3957
2255 2277 8 10 159059163.0749
2255 2351 10 4 243.3083
2256 2257 8 8 802166.1783
2256 2415 2 9 423515.8938
2256 2262 4 1 5.4536
2257 2261 2 9 481232.8407
2257 2262 5 1 6.535
2258 2259 1 4 26.941
2258 2260 1 5 124.0439
2259 2261 1 3 7.822
2259 2264 2 10 5774513.7919
2259 2265 1 4 31.2999
2260 2268 3 8 164375.8875
2260 2264 10 3 59.608
2261 2263 9 9 3677215.8311
2262 2263 6 9 2340513.475
2262 2416 8 8 267651.6987
2263 2265 6 4 138.8063
2264 2270 4 9 983211.6285
2264 2271 9 4 187.2031
2265 2271 1 9 186968.1214
2265 2420 7 4 188.8689
2266 2267 5 5 508.2882
2266 2276 2 2 5.6253
2268 2269 3 6 1489.8609
2269 2274 5 2 11.4444
2269 2273 2 7 6821.7741
2270 2272 1 2 3.6797
2270 2273 3 5 330.1871
2271 2272 4 2 9.603
2271 2441 6 3 36.7544
2272 2449 10 5 1245.2158
2272 2450 8 2 18.1453
2273 2449 5 3 32.3207
2274 2275 10 7 52793.2112
2274 2279 9 8 168330.011
2275 2451 7 9 2280978.4427
2275 2454 2 4 50.0545
2277 2278 7 4 190.7392
2279 2281 6 3 35.5967
2279 2453 8 5 941.8442
2280 2281 7 2 15.2614
2280 2283 10 4 235.9704
2280 2284 8 2 17.6652
2281 2282 5 6 3267.8588
2282 2285 7 1 8.2677
2282 2286 3 2 7.6404
2283 2285 3 7 16888.9131
2283 2287 9 8 315194.0179
2284 2457 4 6 2362.3959
2284 2456 4 1 5.524
2284 2460 2 3 14.1889
2285 2286 6 6 3753.3644
2286 2353 4 9 941702.9945
2287 2352 7 8 212597.3322
2287 2457 6 2 13.6459
2289 2290 9 9 1672240.8051
2289 2293 2 10 1482718.0515
2290 2294 2 7 7554.6876
2291 2298 9 9 9233099.6715
2292 2306 6 3 37.1582
2292 2300 7 3 45.1333
2293 2294 8 10 7115806.7144
2293 2298 1 10 1179181.3174
2294 2296 8 4 212.7943
2294 2295 7 4 170.1279
2295 2297 6 1 7.5339
2296 2298 5 6 3165.0223
2296 2299 7 9 3269697.4836
2296 2297 1 1 2.5817
2297 2331 9 3 55.8419
2299 2300 8 4 189.3504
2300 2340 3 7 11577.4588
2300 2343 7 4 183.7606
2301 2302 7 4 147.9568
2301 2306 1 2 3.6883
2302 2306 4 10 5831530.5256
2302 2305 4 3 25.9758
2302 2308 10 4 256.9092
2303 2305 4 9 518846.0421
2303 2310 5 6 2740.8951
2303 2321 5 7 33297.0819
2304 2313 5 9 657909.2581
2304 2312 5 4 116.57
2305 2309 10 2 22.1408
2306 2307 7 1 8.665
2307 2308 3 5 360.7061
2307 2318 3 1 4.5439
2308 2320 4 7 33855.9503
2309 2320 6 6 5527.5679
2309 2321 9 8 102173.8332
2310 2312 4 7 11674.9804
2310 2322 4 4 89.097
2311 2315 9 1 10.4906
2312 2313 2 8 120930.291
2312 2314 9 6 5708.2564
2313 2316 8 4 190.5927
2314 2322 4 2 9.1015
2314 2329 4 3 26.277
2315 2317 7 4 180.0119
2316 2323 7 3 45.6107
2316 2324 2 6 1419.2184
2318 2319 7 6 5745.5162
2318 2345 9 5 983.5541
2319 2320 4 2 9.4559
2319 2370 7 1 8.4719
2321 2322 9 8 342820.1891
2321 2371 10 2 22.0877
2322 2328 8 2 17.7966
2323 2325 6 10 4080052.1058
2323 2326 1 10 4922744.2038
2324 2329 3 5 336.2091
2324 2326 5 4 125.0623
2324 2383 1 6 628.8135
2325 2327 4 2 9.5258
2325 2330 8 2 17.6647
2326 2384 7 8 232884.6092
2326 2385 4 9 721896.585
2327 2330 10 7 66160.9242
2329 2380 1 9 176593.0321
2330 2385 10 5 1744.1704
2331 2332 3 4 65.6326
2332 2333 1 3 7.8112
2332 2334 5 5 551.0439
2333 2335 7 3 44.4335
2333 2336 1 2 3.6547
2334 2338 2 6 1062.1535
2334 2355 6 5 822.1545
2335 2337 10 10 8863662.0278
2335 2336 6 1 7.4227
2336 2338 7 7 23212.1131
2336 2339 1 5 113.711
2337 2341 2 9 200341.2224
2337 2347 4 7 16124.5991
2338 2356 3 1 4.5658
2339 2361 5 4 115.5091
2339 2360 8 9 2837228.7456
2340 2341 9 4 219.8894
2340 2342 1 7 10819.087
2342 2344 4 10 5528176.9118
2342 2347 8 3 48.1115
2343 2344 1 7 3696.9774
2343 2345 7 1 8.5486
2344 2346 2 4 43.2075
2345 2346 3 10 8573180.3709
2346 2348 3 5 381.2631
2346 2370 6 2 13.5987
2347 2348 4 6 3218.9997
2347 2361 3 2 7.553
2348 2349 8 7 50667.2148
2348 2362 10 3 57.1399
2349 2370 8 4 202.296
2349 2395 6 9 1063912.8851
2349 2366 8 9 1465532.9462
2350 2351 5 3 30.5144
2350 2352 7 3 41.7188
2350 2353 4 1 5.5733
2352 2354 6 1 7.5929
2354 2355 7 3 44.1917
2354 2458 2 7 10340.5827
2355 2357 8 4 168.0816
2355 2358 5 6 4021.6227
2356 2357 6 2 13.871
2356 2360 4 1 5.4722
2357 2359 5 1 6.5666
2357 2358 5 8 90474.6381
2358 2545 2 5 270.3602
2358 2547 9 4 198.2529
2359 2369 10 3 61.071
2359 2552 4 2 9.5795
2360 2369 10 4 257.612
2361 2362 1 5 152.5183
2362 2363 7 7 29569.2247
2362 2364 2 4 43.248
2363 2364 2 3 13.6251
2363 2369 4 7 16311.1881
2363 2552 2 4 44.3709
2364 2365 8 7 37937.834
2364 2366 1 2 3.7257
2365 2366 1 10 3204965.9668
2365 2367 10 6 6004.3827
2365 2368 1 10 1542547.8755
2366 2395 6 6 3658.8119
2367 2396 3 1 4.5019
2367 2397 9 6 7321.4358
2368 2552 1 1 2.5782
2368 2397 8 8 180128.9201
2370 2374 2 2 5.6568
2371 2374 3 8 80654.0923
2371 2373 8 10 14964756.9165
2372 2373 5 5 624.4945
2372 2375 2 7 6456.4051
2372 2379 2 7 19430.2097
2374 2376 8 8 188619.8665
2375 2376 3 7 15496.997
2375 2377 3 2 7.6778
2375 2378 7 8 198568.1653
2376 2395 7 10 6350528.861
2377 2379 8 2 17.4536
2377 2388 10 5 1165.9294
2378 2401 1 6 535.2448
2378 2404 6 2 14.2387
2379 2380 1 7 6192.8072
2380 2386 1 7 2713.7522
2380 2389 8 1 9.4444
2381 2382 4 6 2547.4073
2381 2387 1 5 152.1392
2381 2405 2 5 258.0523
2382 2391 9 3 58.3728
2382 2404 3 5 320.175
2382 2393 8 7 27922.6695
2383 2384 8 3 51.3798
2383 2389 10 1 11.4387
2384 2392 10 10 16526223.8215
2384 2390 6 10 7154918.5381
2385 2392 6 6 5095.0123
2386 2389 7 6 3365.636
2386 2390 8 9 4095160.0179
2386 2391 1 1 2.5769
2386 2388 2 4 54.4153
2388 2391 8 3 52.5645
2388 2404 3 4 85.165
2390 2393 4 4 92.2665
2390 2394 10 10 48237040.782
2391 2393 5 3 33.3438
2393 2406 9 2 19.2484
2393 2407 4 5 513.4916
2394 2408 1 4 27.1007
2396 2398 6 9 2085615.8481
2396 2399 3 3 18.6722
2397 2399 8 9 3063348.0144
2397 2562 10 8 202481.1841
2398 2401 3 3 17.7679
2398 2400 9 10 18982209.6915
2398 2563 2 6 1158.0083
2399 2563 9 1 10.3561
2399 2564 1 1 2.5887
2400 2401 4 1 5.5071
2400 2402 7 8 659139.8491
2400 2403 8 8 460560.1152
2402 2405 7 10 12047385.079
2402 2410 9 9 3362576.4665
2403 2565 3 9 282809.9746
2403 2410 10 1 11.3523
2403 2567 5 8 114886.1539
2405 2411 6 2 13.2226
2405 2412 8 8 370817.6342
2406 2408 7 1 8.4683
2406 2409 2 2 5.631
2407 2411 1 8 23164.7181
2407 2414 2 6 2090.3971
2407 2572 2 2 5.4977
2408 2409 1 9 193262.5462
2410 2412 8 4 189.6208
2410 2585 2 2 5.583
2411 2413 4 4 95.6261
2412 2413 6 2 14.014
2412 2571 3 10 9906245.61
2413 2572 3 4 70.5898
2413 2573 10 7 44454.5403
2414 2575 4 4 94.9107
2416 2417 10 2 20.9806
2416 2418 7 3 43.0514
2416 2419 9 6 5334.0263
2418 2420 2 9 343137.8843
2418 2421 3 9 402622.054
2419 2436 8 8 252175.0949
2419 2437 10 6 7832.7669
2420 2421 1 6 1255.2857
2421 2437 10 1 11.3683
2421 2440 5 4 111.5019
2421 2441 8 8 230363.5033
2421 2442 2 10 2001574.106
2422 2425 7 6 3803.1213
2422 2436 3 6 2321.9369
2423 2424 2 4 43.7008
2423 2434 5 8 212158.3694
2426 2427 2 7 9701.4128
2426 2484 9 6 6951.9751
2427 2428 6 2 13.8632
2427 2429 5 1 6.4723
2427 2430 5 6 3933.4591
2428 2434 5 2 11.8301
2428 2433 3 6 1547.2946
2428 2435 9 2 20.1652
2429 2485 5 10 101903699.4222
2429 2492 5 6 4277.8249
2430 2435 4 9 1562029.8065
2430 2487 10 3 63.1829
2431 2432 6 4 156.6397
2431 2436 7 5 736.238
2431 2438 5 7 16476.7713
2431 2443 3 2 7.5327
2432 2433 1 7 4675.8795
2432 2434 1 9 134375.2591
2433 2443 3 9 804639.5776
2433 2444 2 1 3.5478
2435 2486 6 3 37.2343
2437 2438 6 2 13.3716
2438 2439 5 8 155052.527
2439 2443 1 1 2.5699
2439 2440 2 3 15.1513
2439 2446 8 7 52529.6497
2440 2447 7 10 22163265.1328
2440 2448 6 4 147.3551
2441 2450 7 6 4880.8473
2441 2442 6 1 7.5466
2442 2465 7 4 152.7472
2442 2466 8 9 3277865.3895
2443 2445 1 8 41276.9883
2444 2486 9 10 30346280.8272
2444 2499 7 3 39.6431
2445 2513 5 4 135.5997
2445 2446 5 8 192547.1559
2446 2517 6 5 802.4141
2446 2533 5 1 6.497
2447 2469 1 7 4337.9806
2447 2448 6 10 19312002.126
2448 2519 8 7 54691.3782
2449 2451 10 5 1199.0665
2449 2464 4 7 9269.9679
2450 2464 6 10 6952695.9588
2450 2465 6 1 7.4264
2451 2452 6 5 848.7967
2452 2464 2 2 5.6308
2452 2468 8 5 922.2664
2453 2455 2 8 94597.753
2453 2456 10 3 58.6736
2454 2468 10 1 11.4276
2454 2478 9 6 9142.7467
2455 2456 2 7 8561.231
2455 2459 1 6 926.384
2456 2460 1 4 25.5563
2457 2458 3 9 658011.0998
2458 2461 7 10 11344437.0174
2458 2462 5 10 4262041.0656
2459 2475 6 8 174043.6374
2459 2476 7 10 40686667.3913
2461 2548 2 8 148433.6857
2461 2477 10 10 21413188.5306
2462 2463 7 2 15.5886
2462 2475 7 6 5402.009
2463 2477 8 5 1528.2127
2463 2480 2 8 47613.4844
2464 2467 5 3 32.7688
2465 2467 6 7 43226.9857
2466 2469 4 10 18854302.7854
2466 2470 4 7 26642.3257
2467 2468 7 9 2501463.9387
2468 2472 1 9 634000.2439
2469 2471 8 6 6098.0055
2469 2470 7 5 707.922
2470 2473 6 5 884.1396
2472 2473 5 1 6.5722
2472 2478 1 10 3097883.6819
2472 2474 9 9 1657134.9478
2473 2474 9 1 10.482
2474 2520 5 5 668.3947
2474 2521 3 5 299.5572
2475 2476 2 10 15510318.1436
2476 2478 7 1 8.4524
2477 2556 5 5 597.6998
2478 2479 3 9 1890925.2118
2479 2482 3 4 76.9566
2479 2523 8 5 969.3935
2479 2520 7 1 8.5199
2480 2481 1 6 685.8483
2480 2482 2 1 3.5439
2481 2556 4 3 24.1263
2481 2558 1 3 8.013
2481 2526 8 3 53.5545
2482 2483 2 6 1234.1919
2483 2523 7 8 253120.4154
2483 2526 5 3 29.8328
2484 2492 3 2 7.5787
2484 2494 7 2 15.542
2485 2492 10 5 1314.6961
2485 2495 7 1 8.5281
2486 2490 9 3 57.6067
2487 2488 4 2 9.6227
2487 2489 8 10 260645791.2126
2487 2497 1 2 3.6344
2488 2490 6 2 13.2264
2488 2491 1 3 8.1445
2489 2504 3 8 61292.3359
2489 2506 7 10 18238012.8985
2490 2491 8 9 1316874.1112
2491 2500 3 4 83.0336
2491 2499 10 1 11.4534
2493 2494 8 2 17.647
2493 2495 7 3 47.4356
2493 2502 5 9 1708859.1388
2495 2498 10 10 24041796.0896
2495 2503 2 1 3.5033
2497 2498 6 6 6558.4602
2498 2504 9 2 19.6144
2499 2510 9 5 1044.907
2499 2512 10 6 5256.7279
2500 2506 7 7 44647.6222
2500 2510 10 10 12543777.7265
2501 2811 2 8 50583.3053
2502 2507 9 7 74486.5668
2502 2503 9 3 57.2817
2503 2505 4 3 24.9599
2504 2505 1 2 3.6193
2505 2509 8 4 196.3126
2506 2509 1 1 2.5757
2507 2508 8 6 3604.8291
2508 2516 5 9 830379.7904
2509 2511 1 4 24.3254
2509 2516 10 2 21.8031
2510 2511 9 2 19.3962
2511 2514 1 2 3.641
2512 2513 5 2 11.7571
2512 2514 8 8 135336.252
2513 2515 5 3 31.5717
2514 2515 3 3 20.4099
2515 2517 7 1 8.5262
2517 2518 9 5 1283.7449
2518 2533 5 9 1895789.9332
2519 2521 6 3 36.762
2519 2533 1 7 4298.1103
2520 2524 5 2 11.5728
2520 2525 10 7 70728.4538
2521 2522 4 3 25.5735
2522 2535 5 3 31.3384
2522 2531 9 9 1518453.0012
2522 2537 4 7 14214.8458
2523 2525 4 3 26.6992
2524 2530 1 1 2.5935
2524 2531 5 1 6.5844
2525 2527 9 7 30570.1804
2525 2530 1 5 117.0452
2526 2595 10 7 30096.3784
2526 2529 10 1 11.5104
2527 2528 8 3 49.3955
2527 2529 3 3 18.6143
2528 2542 9 5 1244.1581
2528 2544 2 9 125650.1073
2529 2596 2 8 135897.2613
2529 2602 6 10 37327516.8008
2530 2532 9 1 10.5927
2531 2539 9 4 192.453
2531 2540 6 10 96785895.0114
2532 2539 2 4 41.4737
2532 2542 1 6 768.0405
2533 2534 10 5 1335.2487
2534 2535 3 8 51071.9622
2534 2536 4 9 643824.7707
2535 2536 2 10 550666029.1091
2536 2538 9 4 201.8364
2537 2538 6 6 4554.7379
2537 2540 5 9 1742954.7287
2539 2541 3 1 4.5594
2540 2541 10 9 2660358.2055
2541 2543 7 1 8.4189
2542 2543 7 4 166.4842
2543 2615 6 8 148015.7447
2544 2614 4 4 97.9704
2544 2615 10 9 2173102.0185
2545 2546 4 7 20482.7486
2545 2547 9 1 10.5256
2545 2549 2 2 5.7527
2546 2548 4 10 6179598.2887
2546 2550 2 4 52.5734
2546 2551 8 3 49.0551
2547 2548 10 9 786922.2345
2549 2550 5 10 16936948.384
2549 2554 4 5 530.9115
2550 2553 2 2 5.698
2550 2557 10 10 30669804.2594
2551 2556 3 5 631.9303
2551 2557 2 6 906.0945
2551 2558 7 8 168853.8148
2552 2554 10 4 256.7144
2553 2577 9 7 74842.6035
2553 2579 6 4 139.3127
2554 2555 6 10 5368966.7597
2555 2562 1 9 100955.3768
2555 2577 3 3 19.8085
2557 2559 6 9 1651396.0505
2557 2599 6 5 660.6673
2558 2595 1 10 8325672.2846
2559 2560 10 8 156501.7131
2559 2606 4 6 3692.4478
2560 2561 4 8 93014.0538
2560 2599 7 10 16962176.8476
2561 2606 1 5 92.8914
2561 2607 2 6 1369.5154
2562 2568 1 6 813.009
2563 2565 5 6 3458.2854
2563 2564 4 7 14350.3045
2564 2568 4 4 104.3636
2564 2570 9 7 36263.3188
2565 2566 6 2 13.7836
2566 2570 3 3 18.8742
2566 2567 3 8 73116.8569
2567 2582 4 5 480.8457
2567 2583 8 7 26792.5378
2568 2569 3 10 8530740.6407
2569 2578 4 10 13632471.9087
2569 2570 5 3 33.3574
2570 2581 6 3 39.12
2571 2573 2 9 366770.8537
2571 2585 2 9 367972.8585
2571 2587 5 10 6808840.3377
2572 2574 3 10 4584943.9527
2572 2575 10 9 2726009.3276
2573 2574 3 10 6457743.173
2574 2576 6 3 36.1557
2574 2591 9 6 7936.7636
2575 2576 1 3 7.9825
2576 2594 9 2 19.562
2577 2578 10 4 250.8539
2578 2579 8 6 5063.8259
2578 2580 5 10 12822702.293
2579 2607 6 6 2831.2319
2580 2607 4 1 5.5692
2580 2581 4 7 11636.6289
2580 2612 5 1 6.5242
2581 2612 10 1 11.6044
2581 2582 1 2 3.6744
2581 2628 6 3 36.3696
2581 2629 5 4 123.0906
2582 2583 3 2 7.7399
2582 2584 5 1 6.4962
2583 2586 3 5 437.845
2583 2585 5 6 2744.9217
2584 2628 8 8 208066.9262
2584 2631 5 5 694.4918
2584 2588 7 7 23900.572
2586 2587 8 7 30651.0635
2586 2588 1 10 7946290.1328
2587 2589 3 8 94718.1389
2587 2590 10 5 1330.4558
2588 2590 10 10 7744839.695
2588 2637 10 5 1432.9936
2589 2591 4 3 25.1945
2589 2592 3 8 71870.9735
2590 2592 7 7 33792.5172
2590 2640 9 9 1307337.0963
2591 2593 10 4 242.5904
2591 2594 2 10 6220300.8525
2592 2593 1 7 3210.6735
2593 2641 7 8 217454.0069
2593 2642 1 7 4321.6942
2594 2642 4 10 10234301.7242
2595 2599 6 5 662.96
2595 2597 4 9 1028721.4524
2596 2597 5 3 31.1139
2596 2598 3 7 21970.0094
2597 2601 3 8 68718.4699
2598 2603 4 1 5.5153
2598 2604 3 3 19.1591
2598 2617 7 2 15.2552
2600 2601 9 2 19.1309
2600 2608 10 5 1309.8043
2600 2609 5 4 100.3923
2603 2614 6 7 26788.1733
2604 2605 1 8 58228.7738
2604 2619 4 3 25.381
2607 2610 1 5 117.7636
2608 2610 5 7 13528.1299
2608 2623 2 2 5.6491
2609 2620 4 6 2730.1385
2609 2622 5 2 11.758
2610 2611 10 4 234.5941
2610 2612 6 5 620.0334
2610 2613 3 1 4.5376
2610 2625 3 7 7919.6106
2611 2625 9 3 55.3495
2611 2626 9 7 40054.8056
2611 2627 5 3 32.5786
2612 2613 9 3 52.5502
2613 2632 1 9 202547.9288
2613 2629 6 3 37.2596
2614 2616 4 8 219288.9033
2615 2618 6 8 154886.7615
2616 2617 1 6 590.9908
2616 2618 7 4 158.4854
2617 2619 3 6 2361.2074
2618 2621 4 1 5.5439
2619 2620 5 9 3396518.2941
2620 2621 5 3 30.6525
2621 2624 8 8 217471.7645
2622 2623 7 2 15.187
2622 2624 7 9 2057959.9047
2623 2625 9 6 5461.391
2626 2632 1 7 6575.3697
2626 2638 5 1 6.5168
2626 2647 6 10 12827942.0199
2627 2647 4 5 552.9762
2628 2630 2 7 13287.4006
2629 2630 5 3 30.2639
2629 2635 9 6 6228.2341
2630 2631 7 4 157.2629
2631 2636 4 1 5.525
2631 2637 8 4 191.3859
2633 2634 5 7 47597.8673
2633 2635 4 5 431.7109
2633 2638 8 3 48.4283
2635 2636 6 4 147.1681
2636 2639 6 10 9416073.9454
2637 2640 10 5 929.9122
2637 2651 5 9 1295306.1795
2638 2648 7 3 45.7214
2638 2649 5 6 4508.2689
2639 2648 5 3 32.5204
2639 2651 6 2 13.7602
2639 2652 3 5 361.3056
2640 2643 9 1 10.6547
2640 2641 10 5 1190.9294
2641 2644 3 5 338.34
2641 2646 7 9 1147127.0578
2642 2646 6 8 199844.2146
2643 2644 3 9 376728.9971
2643 2645 3 10 8835624.2589
2644 2655 3 7 9088.8667
2645 2651 8 10 58536918.6864
2645 2653 9 8 123015.1329
2645 2654 3 5 349.6696
2646 2658 1 10 1256502.2794
2647 2649 3 2 7.5587
2648 2650 9 3 56.4979
2649 2650 8 9 1346153.9691
2653 2655 3 4 71.2494
2653 2656 8 1 9.4693
2654 2656 4 10 10400749.5864
2655 2657 1 6 707.8881
2655 2658 6 10 5770283.5299
2656 2657 2 1 3.5662
2659 2660 7 5 812.0871
2660 2662 6 8 320133.5618
2661 2662 4 5 574.4073
2662 2663 2 10 2088323.7095
2663 2664 1 3 7.7592
2663 2665 1 1 2.5557
2664 2667 8 10 12702061.4305
2664 2668 1 1 2.5729
2665 2676 5 7 28188.6013
2665 2677 4 7 9873.7101
2665 2675 3 3 18.6424
2666 2667 7 5 686.1033
2667 2669 7 10 23806268.1305
2667 2670 2 2 5.6433
2667 2671 4 5 401.0162
2668 2676 4 6 2602.3591
2668 2671 3 1 4.5072
2668 2681 4 9 832801.1928
2669 2670 7 2 15.3695
2669 2685 5 1 6.5732
2670 2686 8 8 323601.5852
2670 2687 1 9 225433.9095
2671 2682 10 2 22.3317
2671 2687 7 8 145139.4577
2672 2675 10 4 221.747
2672 2716 2 6 1486.5737
2673 2674 9 6 7990.2513
2673 2714 3 7 8768.7065
2674 2712 1 4 24.9272
2674 2713 3 9 909380.2023
2675 2677 6 1 7.5262
2675 2679 1 5 137.8638
2676 2678 5 6 2926.6971
2677 2678 7 10 7572009.5817
2677 2680 4 10 4161987.5927
2678 2681 4 9 709129.2847
2678 2680 10 2 21.1095
2679 2716 2 6 1819.6284
2679 2720 6 3 38.9119
2679 2719 8 5 931.2854
2680 2720 2 9 295471.9416
2680 2722 2 6 1238.2554
2680 2723 3 8 122384.1415
2681 2682 9 7 22365.4713
2681 2683 9 6 10106.4485
2682 2684 6 10 8538864.9785
2682 2725 3 10 4300569.2752
2683 2722 3 2 7.4302
2683 2724 3 2 7.6491
2684 2687 2 2 5.5485
2684 2699 8 2 17.8635
2684 2728 5 7 26426.1699
2685 2688 7 5 771.12
2685 2686 6 5 685.8124
2686 2689 9 4 217.8852
2686 2690 3 3 21.331
2687 2689 7 3 42.3055
2688 2691 4 9 533011.1119
2688 2690 10 9 1750202.9937
2689 2698 3 9 621544.9008
2689 2699 1 10 3417119.4463
2690 2698 2 6 2294.9233
2690 2704 6 7 20403.9326
2691 2692 2 8 48922.543
2691 2693 5 10 7037548.8623
2692 2694 1 5 97.2572
2692 2695 5 3 34.0904
2693 2704 3 5 339.7294
2693 2705 10 2 21.1488
2693 2695 4 5 391.1841
2694 2696 3 7 11937.1755
2694 2697 2 5 260.6586
2695 2707 1 1 2.5878
2695 2706 8 4 197.6449
2696 2770 8 2 18.1779
2696 2697 9 3 56.0692
2697 2772 4 10 2120079.0419
2697 2707 8 10 12250243.131
2698 2700 2 3 13.4531
2698 2704 1 6 620.7077
2699 2700 6 5 629.7737
2699 2701 2 9 577257.9132
2700 2702 6 8 236365.7204
2700 2703 1 3 8.2902
2701 2728 2 5 241.6833
2701 2703 9 9 2555881.745
2701 2755 10 2 21.6366
2702 2705 1 8 51577.0196
2702 2708 3 2 7.4587
2702 2750 8 5 905.0449
2703 2750 6 2 13.4293
2703 2756 4 1 5.5139
2704 2705 8 4 203.3937
2705 2706 10 5 1144.5228
2706 2708 3 5 469.3091
2706 2709 10 10 21167001.4363
2707 2777 10 2 21.8126
2707 2709 3 5 403.0228
2708 2710 2 1 3.5391
2708 2711 5 6 2658.292
2709 2711 1 4 25.4919
2709 2790 1 3 7.9967
2710 2751 10 2 21.2324
2710 2752 10 8 588615.9805
2711 2790 3 3 20.2876
2711 2752 7 4 146.6233
2713 2714 5 2 11.8374
2713 2715 1 3 7.8804
2714 2716 7 8 383053.8224
2714 2717 10 7 35560.1132
2715 2717 7 7 61021.4918
2716 2718 4 7 32367.0462
2717 2732 4 5 513.6156
2717 2733 3 4 73.4979
2718 2719 6 5 577.2936
2718 2732 8 1 9.6213
2719 2721 2 10 2430373.8161
2719 2729 2 8 34504.6449
2720 2721 10 3 58.8609
2721 2723 10 10 29713769.596
2722 2724 8 7 17327.7825
2722 2730 7 9 857434.6265
2723 2730 2 10 3114806.3269
2723 2731 8 7 42002.1463
2723 2738 9 10 13082883.8273
2724 2725 9 10 19451479.2304
2724 2726 2 4 53.5643
2725 2727 1 1 2.5811
2725 2728 8 6 5449.2505
2726 2731 7 3 42.3778
2726 2727 8 3 47.317
2727 2742 7 3 40.3444
2727 2746 3 5 322.4474
2728 2742 1 1 2.5813
2729 2732 2 1 3.5583
2729 2737 2 10 10216227.7393
2729 2735 5 7 21106.2773
2731 2738 10 1 11.2937
2731 2741 1 7 4503.2655
2732 2734 2 4 55.6608
2733 2734 8 1 9.5441
2734 2735 1 7 4776.2881
2734 2736 9 4 252.3087
2735 2739 5 2 11.9483
2735 2743 6 2 14.167
2736 2911 5 6 3531.0734
2736 2743 6 5 656.967
2737 2738 3 1 4.5261
2737 2739 6 6 4171.4967
2738 2740 6 1 7.5588
2739 2740 3 10 5255204.9324
2740 2744 10 8 272055.7225
2740 2745 2 2 5.6304
2741 2744 9 1 10.3794
2741 2746 9 9 3204313.6308
2742 2755 2 5 232.8132
2742 2747 9 9 2301222.8124
2743 2913 5 6 2312.3042
2743 2745 1 4 27.3985
2744 2917 8 8 194832.3312
2745 2917 3 6 2179.4191
2745 2916 6 8 103574.2205
2746 2747 5 6 3542.5581
2746 2748 6 5 708.8533
2746 2749 3 6 2941.6883
2747 2758 3 5 333.7667
2747 2941 6 2 13.1673
2748 2917 1 1 2.5892
2748 2920 10 6 7485.2637
2749 2920 10 7 33619.6793
2749 2941 4 7 22110.6271
2749 2924 1 4 26.6546
2750 2751 5 3 32.3539
2750 2757 8 8 146289.4552
2751 2753 10 7 60289.8266
2751 2754 6 10 334054719.6387
2752 2754 2 5 280.1964
2753 2757 3 6 2130.1638
2753 2763 5 10 10972498.8035
2753 2764 8 10 6319636.294
2754 2763 5 5 493.3633
2754 2829 6 10 13189157.9533
2755 2756 2 2 5.6862
2755 2758 2 5 194.7006
2756 2757 6 1 7.4926
2756 2759 5 3 32.7879
2757 2761 6 8 130319.7493
2758 2759 4 2 9.437
2758 2760 7 2 14.96
2759 2761 6 9 1544567.796
2759 2762 4 3 25.3283
2760 2941 3 6 1290.6373
2760 2944 5 6 3621.7575
2761 2764 1 5 162.4009
2761 2768 5 4 109.7927
2761 2762 2 8 45944.6856
2761 2946 3 1 4.5417
2762 2943 5 7 22530.4928
2762 2945 8 3 53.3551
2763 2765 6 3 36.6486
2763 2766 5 7 20862.0129
2764 2765 9 9 2844156.1875
2764 2768 3 7 20594.5691
2765 2767 9 10 7287561.4676
2765 2766 6 1 7.453
2766 2835 4 8 109262.8623
2766 2853 9 8 623642.0734
2767 2768 8 5 960.1988
2767 2769 7 10 22993502.7264
2767 2950 4 9 941757.7798
2768 2949 3 5 402.1316
2769 2853 5 2 11.3364
2769 2856 9 9 789955.5604
2769 2951 6 5 678.2336
2770 2771 10 8 374780.7405
2770 2772 1 2 3.5841
2771 2773 5 4 128.3758
2771 2774 5 4 129.2767
2772 2774 9 4 194.1084
2772 2777 4 9 1157073.5843
2774 2775 8 9 1673955.9924
2774 2778 10 10 60632578.5523
2775 2779 2 7 10807.0026
2775 2780 4 9 780443.2839
2776 2779 5 6 3219.2406
2777 2778 3 9 580668.7624
2777 2788 3 10 12063170.7398
2778 2780 2 6 1982.9665
2778 2789 7 1 8.5286
2779 2784 7 6 3964.775
2779 2785 6 6 3702.0169
2780 2785 7 5 737.3636
2780 2792 2 4 46.981
2781 2783 3 9 513098.2662
2781 2784 9 3 51.961
2782 2783 3 6 1560.8059
2783 2786 9 7 32898.8873
2783 2787 8 2 17.6727
2784 2786 4 1 5.5213
2784 2795 9 5 1108.5608
2785 2795 5 2 12.0561
2785 2793 1 1 2.5826
2786 2798 3 5 351.529
2786 2796 6 6 5957.9136
2787 2808 4 4 84.7058
2787 2798 7 7 28970.7474
2788 2790 8 10 4867921.0528
2788 2789 2 1 3.5357
2788 2791 4 2 9.3836
2789 2792 3 1 4.5764
2790 2791 5 7 11518.3174
2791 2794 4 5 395.5774
2791 2829 10 9 7219983.4337
2792 2793 5 4 137.2373
2792 2794 4 2 9.9131
2793 2797 6 4 141.2158
2793 2833 6 1 7.5895
2794 2830 5 5 511.8429
2794 2831 6 7 25731.2388
2795 2796 7 7 20646.4562
2795 2797 5 2 11.2017
2796 2799 6 6 5020.2113
2796 2800 7 8 129651.9175
2797 2801 8 8 265715.1435
2797 2802 3 1 4.5126
2798 2816 7 2 15.781
2798 2800 5 5 524.4453
2799 2801 2 1 3.5649
2799 2804 1 10 1924036.0796
2799 2803 10 1 11.6069
2800 2804 9 10 55983648.4627
2800 2817 4 6 2751.3406
2801 2803 3 3 20.5854
2801 2802 1 1 2.5926
2802 2841 1 1 2.5753
2802 2842 5 9 607291.4921
2803 2805 4 10 4651591.8553
2804 2817 3 4 76.7995
2804 2805 5 2 11.5204
2805 2849 9 3 56.2153
2805 2874 10 1 11.3234
2806 2807 10 6 5525.1456
2807 2813 9 9 7929347.2826
2807 2819 9 10 16017552.7032
2807 2818 4 4 102.9702
2808 2816 7 2 15.7064
2809 2810 10 7 25269.2341
2809 2811 8 9 958745.2519
2809 2812 7 10 24113588.8276
2810 2815 3 3 18.8865
2810 2825 1 8 21886.7227
2811 2815 3 4 68.6418
2812 2813 9 6 4808.4664
2812 2824 1 9 306028.4068
2813 2814 6 9 713036.6464
2814 2819 1 1 2.5925
2814 2821 1 6 848.1453
2814 2822 3 3 18.8989
2816 2818 4 2 9.8073
2816 2817 7 8 246791.3551
2817 2818 6 6 2964.8337
2817 2820 6 4 157.4622
2817 2874 5 5 638.8824
2818 2819 6 2 13.8215
2819 2820 1 7 4753.8504
2820 2821 1 2 3.635
2820 2875 4 10 15024301.7581
2821 2822 10 4 245.7808
2821 2823 1 7 4073.6116
2822 2824 9 2 19.4992
2823 2875 1 6 539.7038
2823 2826 8 4 195.3243
2823 2877 2 2 5.774
2824 2825 3 7 20755.7557
2824 2826 2 10 1742920.6266
2825 2827 2 8 47062.1506
2825 2828 1 10 1989928.3341
2826 2827 2 10 3741915.8579
2826 2882 4 5 505.167
2827 2883 7 1 8.5423
2827 2884 8 7 36274.5409
2828 2885 4 9 1089867.4014
2829 2834 7 4 174.899
2829 2835 9 5 1291.6122
2830 2832 1 9 272975.0614
2830 2833 3 7 17836.2611
2831 2834 5 1 6.5704
2831 2832 3 3 19.3265
2831 2838 3 8 99305.8301
2832 2837 5 9 721197.1238
2833 2842 6 5 634.6335
2834 2836 1 4 24.9474
2835 2836 1 4 26.2719
2835 2853 5 3 29.6451
2836 2838 8 8 368822.6568
2837 2838 9 3 54.812
2837 2840 7 3 44.5176
2838 2839 10 1 11.3857
2839 2854 8 8 507808.1783
2839 2855 3 4 71.6225
2839 2857 7 3 43.1705
2840 2845 5 8 64990.3323
2840 2855 8 2 17.1792
2841 2844 4 7 18034.0082
2841 2843 8 2 18.0135
2841 2846 9 9 2324132.0596
2842 2843 2 5 245.0806
2843 2845 9 4 233.7009
2844 2849 2 8 39805.2176
2844 2847 1 1 2.5879
2845 2846 8 7 25160.9048
2846 2847 8 2 17.5494
2846 2848 4 3 26.8555
2847 2851 5 5 505.4614
2847 2852 6 6 3743.585
2848 2855 7 8 275096.1959
2848 2852 4 3 26.6205
2848 2860 5 8 115054.0894
2849 2850 2 2 5.5525
2849 2851 9 5 1117.1009
2850 2874 5 2 11.5449
2850 2876 9 2 19.0971
2850 2891 10 1 11.4603
2851 2861 9 9 1213816.2896
2851 2862 6 6 5547.6318
2852 2861 2 9 459760.3943
2852 2863 4 8 140006.2788
2853 2854 1 3 7.3404
2854 2856 3 3 20.1868
2855 2859 9 5 1072.438
2856 2857 4 4 95.783
2856 2858 1 5 126.1642
2857 2859 4 7 20274.6941
2858 2951 4 6 2347.4426
2859 2860 9 10 45594889.8508
2859 2866 2 5 268.8337
2860 2867 5 9 697130.1711
2861 2864 8 1 9.5334
2861 2865 7 5 857.7505
2862 2891 2 9 467115.9579
2862 2865 8 7 49391.869
2863 2864 1 8 117158.7527
2863 2869 8 6 4221.9696
2863 2867 6 6 5145.2167
2864 2868 6 1 7.4212
2864 2870 2 6 1295.5951
2865 2868 6 9 2353570.8272
2867 2869 1 10 572684.534
2868 2894 1 2 3.6155
2869 2870 4 10 4839465.2454
2869 2871 7 10 14079542.5682
2870 2872 1 8 35358.0605
2870 2873 4 5 474.6512
2871 2873 1 4 24.3832
2872 2894 3 7 17609.5669
2872 2899 2 1 3.5289
2872 2900 1 10 1722277.454
2873 2900 4 4 94.6884
2874 2875 10 1 11.7131
2875 2876 5 7 14705.084
2876 2877 9 3 52.0916
2876 2878 7 10 25054024.2217
2877 2879 9 5 1100.1641
2877 2880 9 10 12751324.9562
2878 2892 9 1 10.6554
2878 2879 4 3 25.0797
2878 2895 2 4 48.1341
2879 2880 8 5 817.7995
2879 2881 9 10 18165377.7328
2880 2882 3 4 67.167
2880 2887 4 4 110.01
2881 2895 1 10 1019389.4756
2881 2898 2 1 3.5478
2881 2889 7 2 15.8071
2882 2884 9 8 186605.0222
2882 2887 9 3 54.1214
2883 2885 6 2 13.8636
2883 2886 8 9 1318427.0791
2883 2884 10 9 3257626.3384
2884 2888 4 7 39598.2833
2885 2886 9 8 355167.3375
2886 2890 5 5 522.9913
2887 2888 10 6 6776.5099
2887 2889 10 8 329285.4662
2888 2890 4 8 237176.4788
2888 2905 5 9 1286336.8136
2889 2905 4 10 13311171.1749
2889 2902 8 3 51.9826
2890 2906 3 8 98848.8421
2891 2892 9 5 1194.3394
2892 2893 4 3 24.7366
2893 2895 10 1 11.6049
2893 2896 10 7 33365.7056
2894 2896 10 2 21.1003
2895 2897 4 10 6719149.7463
2896 2897 2 10 8875553.3031
2897 2898 8 4 190.8768
2897 2899 8 8 212902.1103
2898 2901 6 7 38539.2937
2898 2902 3 4 65.3516
2899 2901 10 9 1618914.7366
2899 2903 10 6 6672.6794
2900 2903 2 5 352.16
2901 2904 10 7 34451.7006
2902 2909 3 9 1300079.3648
2902 2904 10 8 272300.499
2904 2909 9 1 10.5871
2905 2906 8 3 53.0619
2905 2907 3 2 7.6425
2906 2908 10 3 60.9242
2906 2910 9 2 19.7317
2907 2909 2 9 669747.1465
2908 2910 1 4 24.4588
2911 2913 8 2 17.5601
2911 2914 8 6 4315.5339
2912 2914 3 1 4.5145
2913 2916 4 3 25.5146
2914 2915 4 8 112092.8712
2916 2918 9 6 8949.0976
2916 2919 10 1 11.529
2917 2918 7 2 15.6476
2918 2920 1 2 3.7277
2919 2921 9 4 211.3664
2919 2929 9 3 57.6432
2920 2921 5 6 4202.8014
2921 2922 10 1 11.3786
2922 2923 10 6 7424.7601
2922 2924 9 10 24144844.4351
2922 2928 8 2 17.4875
2923 2928 3 4 64.0037
2923 2931 5 4 106.6771
2923 2932 2 6 1738.2867
2924 2942 9 10 11272776.3657
2924 2947 3 2 7.811
2925 2927 4 7 17958.8003
2925 2926 6 5 824.4747
2926 2970 3 9 467761.2143
2927 2929 2 2 5.541
2927 2935 5 4 141.9232
2928 2929 4 9 612266.6908
2929 2930 3 8 304704.6564
2930 2931 2 7 11016.5464
2930 2933 7 2 15.3365
2931 2934 1 6 603.4252
2932 2947 2 10 4074164.0181
2932 2948 6 2 13.4628
2932 2939 9 10 42436211.4946
2933 2936 2 2 5.6831
2933 2934 10 9 1288207.2909
2933 2938 1 8 26949.7752
2934 2939 4 9 538730.9693
2934 2940 3 7 10683.7062
2935 2936 10 9 1470223.7065
2935 2971 8 6 9317.4007
2936 2937 7 9 762006.8061
2937 2973 10 1 11.4275
2937 2938 4 7 12517.5367
2937 2975 5 4 103.3126
2938 2940 9 2 19.6155
2938 2975 7 8 245473.6402
2939 2953 9 4 187.4818
2939 2956 3 7 16493.1677
2940 2978 10 8 323510.1272
2940 2979 6 7 17540.6569
2941 2942 5 7 20443.8698
2942 2944 7 5 926.5361
2942 2947 6 5 799.9632
2943 2945 10 7 48527.6991
2943 2946 3 9 683983.5248
2943 2954 6 5 585.7965
2944 2945 7 5 702.8273
2944 2952 6 9 1072290.6107
2946 2949 7 7 30743.8327
2946 2955 4 5 417.1906
2947 2948 9 9 1520607.3385
2948 2952 5 7 15137.4867
2948 2953 5 10 9606122.3307
2949 2950 9 3 57.0876
2949 2961 10 4 224.3651
2950 2951 10 5 1313.2657
2950 2963 7 7 25512.0232
2951 2966 5 7 35191.8507
2952 2954 9 2 19.5327
2952 2953 6 3 33.9879
2953 2957 4 10 3731235.3407
2953 2958 2 7 8341.7737
2954 2955 3 4 75.1657
2954 2957 7 9 3898540.2851
2955 2961 1 6 670.0688
2955 2962 1 6 971.4344
2957 2959 3 4 66.8448
2957 2960 7 5 907.0904
2958 2960 3 4 66.7851
2959 2962 5 4 115.8774
2959 2960 7 4 173.7809
2961 2963 4 2 9.5753
2961 2964 3 4 76.784
2962 2964 6 10 31421913.0034
2963 2965 5 9 1079046.943
2963 2966 7 5 767.7021
2963 2964 7 2 15.3623
2964 2968 9 6 4846.0789
2965 2967 2 7 6075.0315
2965 2968 10 7 29711.2995
2966 2967 4 7 17327.8798
2968 2969 6 6 7782.8431
2970 2971 7 8 141245.5395
2970 2972 7 4 173.298
2971 2973 2 8 138541.5321
2973 2974 1 5 123.8813
2974 2976 3 2 7.7178
2974 2987 10 7 33312.7057
2974 2994 9 2 19.5797
2974 2995 1 6 504.6783
2975 2977 9 1 10.3997
2975 2994 2 5 265.0834
2977 2979 2 10 6557530.6128
2977 2980 4 1 5.469
2977 2994 1 4 29.6627
2978 2979 3 1 4.472
2979 2980 4 3 25.7825
2980 2981 3 8 149976.3988
2980 2996 5 2 11.4409
2981 2997 4 9 2946937.8204
2982 2983 8 10 8777919.4571
2982 2984 7 8 357588.4678
2982 2988 10 6 10799.5141
2984 2985 10 6 7266.1269
2984 2986 5 7 18461.6444
2987 2993 6 4 167.5633
2988 2989 5 6 4391.384
2988 2990 10 2 21.1402
2988 2992 7 1 8.4819
2990 2991 9 10 6033666.2533
2991 2992 1 6 737.8357
2991 2993 2 8 65378.2922
2994 2995 4 6 3369.7284
2995 2996 3 4 66.8258
2996 2997 7 8 216071.9563
2996 3000 7 1 8.5341
2998 2999 10 6 6487.0765
