1 2 3630 464 3630.873995647243
2 3 4883 2628 4697.380329368164
2 4 6620 5301 8721.38920373119
4 13 2589 481 2018.249194918334
4 25 3542 1880 2894.7336070717556
5 6 9958 7690 9992.209373669992
5 9 6882 102 4257.2886843040305
5 10 2476 1284 2086.4275728611747
7 8 3622 2774 3439.5675197114497
7 9 8032 1461 11047.38442808661
7 11 4815 4466 4755.499205997694
7 12 2521 1768 2092.682125230531
10 35 6814 5106 8542.606221649063
10 36 343 106 391.5234531253409
11 13 5212 557 5211.206779115724
11 14 3738 3082 4543.306213995016
12 19 4996 2256 2506.330768996838
12 14 3673 852 3392.646312090826
13 17 5430 1249 5430.505000610591
13 23 6782 4036 5366.250209708728
14 17 7819 5532 7258.577430994451
14 20 7426 4171 3105.273505105473
15 16 5302 4425 4778.913127781713
15 35 9389 5279 7635.591462361355
17 18 8817 7384 8873.496670600432
18 21 3870 1720 3895.822534010846
18 24 7037 324 7365.196507292573
19 20 3116 2151 3262.7813523625373
19 37 1562 1386 2114.9550805734048
20 22 8966 321 7419.558390511207
20 21 9845 5392 4675.446279550483
21 27 9598 2186 8773.840065588645
21 28 1131 1079 1617.4703956283658
22 29 504 426 257.2917932832595
22 39 9056 2476 7172.050377547312
22 41 8134 6385 7662.76141010163
23 26 6399 3590 7801.381554318211
23 25 6315 2417 9734.840988414047
24 26 942 342 580.029769938289
24 536 8847 2607 9613.185103122056
24 30 3374 1113 4075.5270767938264
25 292 673 11 673.1465502531313
26 535 8244 2807 6407.095607839564
27 28 528 128 530.0437722621544
27 29 6266 4989 9052.519421888077
28 540 4333 2001 4064.9016765273736
29 32 8800 499 8356.409918192918
29 33 7765 6351 14477.831617471657
30 31 6007 4467 6593.549742635115
30 540 8489 786 8497.749127551835
32 46 9170 1002 10177.298481692833
32 47 7138 2936 7009.265711689316
33 34 8850 838 3909.909538406076
33 542 3394 2729 2496.1740817223244
34 545 1768 1669 2041.6779032662234
34 47 992 101 1000.8935840203628
36 55 9122 8253 8609.923900140937
37 38 3653 2402 5555.0267608096065
37 39 7361 6516 12349.47113365448
38 42 8030 7274 10458.708143122032
38 40 7272 507 12322.695438681638
39 40 5756 2889 1483.9200476358023
40 43 3954 2269 5051.822047226974
40 41 5964 4027 8505.339669544164
41 46 186 142 151.15796576633122
41 49 7970 3462 9993.79602117137
42 43 4387 3981 6839.402780559942
42 52 2078 347 2071.63568636807
43 53 9541 4821 9109.551837080984
43 50 6987 4499 8548.784294368206
44 45 1756 814 1655.1584913162562
45 614 7195 1402 3110.5890863513696
46 48 1379 442 2387.376376357457
47 561 9366 3817 7206.9503194557965
47 559 9259 8938 13482.89108699168
48 49 3659 636 2713.9110000749756
49 50 8030 1002 3580.7855889462726
49 51 4551 2475 4360.591916634253
50 54 8923 1772 12947.459392303434
51 54 4059 440 4242.595512558396
51 565 8867 3786 11387.52351282633
51 562 205 44 7.69009657888124
52 53 3198 2344 1896.7584018864636
53 55 2557 46 2672.696390574369
53 54 8271 6424 5988.138055066831
55 56 614 270 778.1164152791717
56 612 9090 8017 6780.518324802586
57 58 5181 521 5461.300872461554
57 391 2328 335 2023.84762576028
57 403 9338 4871 14263.932363625821
58 59 7751 6359 6937.729249833767
59 60 2388 1527 2776.715418686008
59 62 7634 6963 4185.161259629677
60 61 4234 3944 2648.381706256503
60 71 1231 764 536.3268507186439
61 68 6040 3464 11847.226011764094
61 83 8730 6499 8557.813624561364
62 63 4830 2685 4266.490074840892
62 67 5490 3092 7095.722637441473
63 64 9520 4046 9465.963644337837
63 65 6131 1030 2213.0615102120537
64 66 8160 1631 5243.431964670282
64 67 602 589 822.5156653856251
65 411 3767 448 5007.658023920996
65 409 7117 565 7113.615243028289
65 410 3935 589 3398.8629232147696
65 86 7704 5973 11672.754187517976
66 85 6916 6045 3647.4602418501718
66 86 5742 1307 6031.860258407096
66 70 3648 1013 3102.3045913285787
67 68 7179 6253 12091.43853799298
67 70 2462 115 2462.6873097509383
68 69 4932 3822 5498.505463203129
69 83 4401 260 5003.459031797853
69 70 2704 1602 2786.386105253802
69 84 7165 4386 8182.813978493309
70 87 8397 4784 7102.404468950533
71 72 4941 2882 6812.5287223408195
71 74 4233 447 4488.81462052157
72 73 3308 1343 3705.2398070816284
72 77 5111 1062 4071.003320987937
73 77 1167 209 1561.8523750228053
73 79 6249 4944 4401.291495216581
74 75 939 713 541.9265478282218
75 76 6836 6789 12283.935059608402
75 80 9979 1125 5202.033700974691
76 77 8916 1248 7998.790092497404
76 78 1460 181 1316.0678113809563
78 107 2382 239 2383.0457045554344
78 108 6222 2405 3874.3670287194564
79 84 5587 2697 6084.730671331368
79 107 3130 2038 3579.383424971094
80 81 3333 715 2832.4519810938136
80 82 1022 993 1822.3508370963011
81 95 4664 4454 3503.207412392321
81 108 462 336 644.3128582863352
81 109 8078 3898 6871.003651355708
82 93 3121 2484 5136.644852557689
84 88 2784 310 2569.5535120730297
85 87 3268 931 5356.7068374564
85 89 8189 4174 4720.553259008551
85 90 9146 2159 7509.01244186072
86 766 6678 2164 7725.222719875694
86 90 4372 2383 4617.479875533525
87 88 7525 6538 7167.168564330673
87 112 8222 4167 13284.224329255712
88 110 6666 4001 8421.213869532801
89 112 3823 2468 5344.53313828658
89 123 468 63 474.5086103773158
89 124 435 168 628.1621442151987
90 779 4603 2887 5055.224280408682
90 124 6838 207 8415.769502870524
91 92 6527 5340 6128.201718338018
91 94 5964 4552 9062.423709705437
91 95 5592 120 4238.227475931199
92 93 5562 2647 7680.030003053484
92 102 2426 2188 1523.5009691998393
93 95 2497 1755 1990.350637153898
94 103 5081 2088 5214.616533692681
94 106 2059 681 1656.0551507998396
94 173 3104 1600 3137.524904972122
95 106 3250 576 5010.204485944899
96 97 9856 4038 9770.95165576753
96 104 2740 1650 3778.076658974342
96 169 3074 1401 2860.1280226043614
97 98 5142 3308 8117.35089020938
98 99 9836 2841 10768.8405566289
99 101 5230 2338 2352.8329724545724
100 101 1311 160 1312.3950822487968
100 164 9222 7174 12235.273809332737
100 169 3763 3752 4385.73462732964
101 129 830 479 850.0819509249147
102 103 7070 491 7058.96955667921
102 104 761 635 856.8964704230912
103 105 9235 2455 11760.26993065314
104 170 2243 2229 2764.900423697224
105 171 6729 6204 7686.384553884681
105 173 3162 2405 2841.1229588639367
105 174 7172 5896 6164.138336705832
106 109 6378 3588 8258.449560914249
106 113 8076 324 7568.449720074836
107 110 6887 4665 5227.99679751603
108 111 7434 3710 3516.2284515958713
108 116 4725 1662 5134.053864117063
109 116 5748 4875 1831.648194140777
109 118 4470 2928 4512.1220642139315
110 112 5076 1987 1725.1357504255657
111 114 6744 3103 1253.927172784875
111 115 2046 627 3791.669969954153
112 122 1205 611 658.8212970720085
113 119 6573 5880 6981.088659304997
113 120 5615 252 8113.357514963831
114 116 9099 1784 4387.170562238162
114 121 6607 5979 8976.840683860988
115 122 319 158 506.51383128205833
115 121 8816 4672 8674.170508691406
117 118 6228 5340 4230.3810329104235
117 120 879 75 835.358677449544
117 185 4365 114 4406.761393780677
117 186 8308 3657 9027.052894854913
120 173 9038 2043 7918.513485874701
120 181 7162 5861 5493.252993969504
121 125 559 104 556.2040523688837
121 128 5031 1008 5133.498745814218
122 123 3556 1419 3455.159535565949
122 125 9828 7248 9466.523632090051
123 126 8739 654 8737.771408312512
123 127 4827 3950 3195.7684022111644
124 820 6971 3864 6667.661621068137
124 127 408 211 555.4067556238062
125 126 9929 4579 11849.44485354007
125 190 1464 322 1454.7034698761997
126 191 8245 586 8371.595040508657
126 192 3264 766 3485.7844115804455
127 822 4922 157 4924.22872534648
127 192 3700 3552 3415.055389460173
128 187 1923 1549 1669.6541873317078
128 190 7222 6331 9380.772004398861
128 193 3140 1703 3171.0233934445823
129 130 2840 2759 1539.1051565883738
129 164 6404 4456 7143.660654285337
130 131 4160 3849 3406.883271784401
130 132 8567 6829 8771.334670320213
131 165 9088 1228 9093.58190831591
131 150 4896 4445 5187.240434346466
132 133 2318 1717 733.5875556536985
132 135 6763 344 4536.0668493295725
133 134 8535 1370 11104.37125955919
133 136 9171 7660 15038.647813589505
134 135 1874 1448 1682.1674205565314
134 151 6765 4746 3941.191806403237
135 150 8200 4375 10365.633093771161
136 137 1494 680 592.5025533200044
136 138 595 488 580.8756084879809
137 155 924 625 634.1118270067363
137 1503 7336 6116 9471.120694247142
138 146 711 636 245.49850911855825
139 140 8130 3760 5776.909521653644
139 149 8890 4851 6884.530489245078
139 147 438 435 600.8975599140276
140 141 4038 3428 5150.227587643436
140 142 1380 874 1355.3120194717362
141 147 817 361 67.2004778835551
141 153 371 219 192.97734692079146
142 143 8837 3403 6525.345825231326
142 144 4014 738 3970.9208965897096
143 152 8303 538 8058.838010659051
143 145 4414 4221 3827.392532327817
144 145 6086 5330 9461.406908801704
145 1496 2682 360 2677.1064333560334
146 147 4169 296 3614.236288966438
146 148 9658 1949 11480.771123483348
148 149 6782 3865 2334.319477511833
150 168 9353 7709 7313.480573151844
150 159 5885 2436 7400.520114535755
151 158 1755 1619 2077.9935510362766
151 159 6621 6322 4600.335947894367
152 153 1971 463 1800.873937364091
152 154 2714 379 2967.0563563853398
153 155 4593 2500 5961.541258129301
153 156 4882 1853 3951.605568319727
154 1498 3955 3225 6165.698331755315
154 1502 6295 4098 9452.786252778233
155 157 6002 3539 2841.2929256930174
156 1502 7885 4552 6745.313382334262
156 157 7656 1539 13407.329964856293
156 1521 3852 395 7010.976444331371
157 1503 9608 2836 9974.051763989968
158 160 3168 1426 3237.6453761877456
158 161 6678 1747 5945.637746811688
159 220 1745 228 1535.1320052412577
160 162 4755 2806 8433.905234117914
160 163 1703 984 2849.0514067574986
161 220 9393 7943 10627.730211732762
161 162 5988 3667 6701.916974150366
162 221 4824 67 6097.451853051305
162 229 4485 1959 3453.7771188036904
163 229 4301 460 4074.4928045478105
164 165 3169 229 5111.913841287706
165 166 3124 1184 1758.4939324574932
166 167 5825 3964 7514.373923960635
166 168 5588 915 5515.723805783162
167 175 619 191 456.66719722063505
167 168 5251 936 5256.226515823738
169 172 8551 7937 6654.980240095204
169 171 6177 338 6174.861793329531
172 175 1231 103 1232.1637288607328
172 174 8479 6538 7179.67084126562
174 179 582 193 511.99316817355293
174 181 8371 8132 4936.982617402652
175 178 1777 704 1601.667125430482
175 176 857 149 991.4885993283607
176 177 4146 2110 5393.4194103194195
176 178 447 81 450.530470223227
176 222 7991 7003 5549.856568569723
177 220 1458 633 1449.2047308857432
177 221 8391 1837 10036.41698245283
178 179 9243 1653 9866.402796661165
178 180 4793 4727 3470.73851790188
179 182 782 21 1296.7110781448046
180 183 9494 7187 13253.785896502277
180 222 4775 3707 6125.851569782685
181 182 2736 2707 3166.66455703534
182 197 8814 2382 2394.506286737907
182 184 7376 396 10521.658403197014
183 184 5466 3162 9685.504207589718
183 224 2511 1155 2256.5295496849917
184 225 6668 4359 8271.321162527978
184 204 7909 3263 7710.661957491799
184 228 3631 243 3244.47322649087
185 187 8481 3516 13243.440656772214
185 188 6267 3996 5817.357577498227
186 198 2825 472 2826.2983376505294
186 188 5075 2431 2096.608369598074
187 189 2197 544 3507.649324846302
188 189 408 224 502.8543137306876
188 201 639 176 1013.3544619504945
189 193 5323 1294 5421.610891808211
189 202 8620 502 8451.7783683514
190 191 1050 143 1155.1513422621956
190 194 9967 2369 14899.802615845656
191 195 6956 4259 5133.970735863996
191 196 8551 5528 4952.424970196514
192 827 2273 807 2294.516045435794
193 194 4631 2867 4595.565868519849
193 207 3389 803 2825.061569788284
194 195 3999 820 4023.3836694343486
194 217 7794 1730 10186.850474946385
195 208 5952 5535 2266.3099488552098
195 209 8089 5711 11779.773598983093
196 977 5596 1166 2150.9886898331883
196 210 470 71 639.5300034720243
197 198 1060 397 1517.5516443885733
197 199 3219 1155 1341.8700077495712
198 200 3648 2359 2424.437964112925
199 200 6873 2154 4363.704782398522
199 204 7305 1750 6124.633556190979
200 203 7378 4319 7931.863808513002
201 203 8654 4342 10528.460659078786
201 206 8077 5604 5575.2743947567415
202 214 9361 4256 11152.869805645723
202 234 1758 192 3094.8494015205474
203 205 7040 6201 4572.663626801831
204 205 475 438 389.3649909962487
205 206 422 117 274.7031106282379
206 234 6541 3165 7629.584365002414
207 213 1148 179 1609.741601428788
207 214 7237 2750 7770.693243082351
208 210 3554 1763 3437.2571146439
208 211 20 7 20.352536073593498
208 212 5824 872 3526.379493480693
208 209 6791 3269 6320.694854892896
209 218 3422 1773 1695.3687648687192
210 828 9651 8653 6642.153659663553
211 988 3754 1225 3702.9865124211915
211 212 7682 5170 3714.155667684461
212 989 4116 2077 4283.170225110781
212 219 2219 326 3772.378194698163
213 215 2705 800 5120.71190364129
213 216 5039 3375 4084.0596414918205
213 214 6866 4709 7899.813712141348
214 237 4523 3712 2930.1786737076877
215 217 9958 9827 8706.068798935446
215 218 4090 890 3979.98389103024
215 216 3280 2742 3867.9447247539424
216 238 5500 5176 7034.661696566325
216 239 5666 1951 7860.661669907196
217 218 7333 7046 6078.520352101378
218 219 5612 2084 4849.024968791206
219 238 1717 1231 338.8301299239004
219 992 4952 4666 5158.085727229222
221 222 5122 3506 4287.088891391896
222 223 9393 5178 15535.192808050984
223 224 6103 2481 9740.568872264508
223 226 4651 1031 4754.7756220168585
223 229 8354 3879 7520.871141277796
224 225 7605 5493 11121.059584360206
225 227 2775 276 2777.6722822456927
225 226 1922 1032 1402.4912403724798
226 230 5177 4499 7042.217174889786
226 1529 7974 1905 4932.743405615959
227 228 3800 2530 4193.337570949835
227 231 656 172 1070.145923593484
228 236 1429 1229 464.56296435563974
230 231 7860 4782 8282.711038889087
230 1522 6629 3435 1263.4442847123553
231 233 4822 3487 7027.12109391846
232 233 7295 3324 7567.652086416742
232 243 7209 2571 7066.167461864524
232 1531 8024 7853 2015.3532846343935
234 235 96 82 88.7119279893376
234 244 2020 1562 2018.924657976661
235 237 9228 370 11848.371463150246
235 246 8034 6202 4306.045456027751
236 243 6426 3152 10244.381763341393
236 244 7585 2890 8208.378214887854
237 241 2370 1848 2476.874455014147
237 249 1717 915 2747.510622584413
238 240 8296 4767 8610.300444343182
238 239 203 27 191.54235358002367
239 242 5142 4763 4722.933296261353
240 253 6263 2066 4511.544515215272
240 1027 3423 222 6181.229870739551
241 251 1072 935 362.15710726776086
241 242 7922 2392 5017.7402808886945
242 253 8888 1265 8251.772639737874
242 252 8415 3714 10040.321244681789
243 247 7835 4029 12739.915809066173
243 1539 7447 4222 6400.228032508451
244 245 9533 6 9532.972658264733
245 246 5537 4220 3486.1153811809017
245 247 638 319 829.3812852841413
246 249 3457 106 3455.7426026432263
247 248 8473 1171 8486.305191948499
248 249 3712 535 3721.7252175128365
248 250 247 155 319.47243355687993
250 1539 3345 2494 5741.473955129359
250 1540 3272 1751 3301.537322930703
251 252 1687 485 1715.3616192419738
251 257 5048 802 2614.7750706855504
252 255 7086 5158 5970.304732825325
253 254 9836 8103 14983.301276971393
253 256 1514 761 1849.9556925666534
254 1033 7157 2133 6809.496572145791
254 262 7585 2683 6407.184648566052
255 256 2632 305 390.0192534257817
255 258 4017 342 3006.1955617991966
256 261 9193 6641 6047.010819146931
259 260 2939 1453 1574.0765078894617
259 1540 9906 6833 9134.38024718078
259 263 3947 3322 638.9224556520657
261 262 9895 8527 9743.96285069463
261 263 9675 2684 9955.090484325656
261 1542 8204 4639 8918.858105645451
262 1034 755 623 690.9293842957222
263 1982 7071 2377 10712.096760293185
264 265 5631 3074 4353.321959132809
264 310 6600 4953 11317.475845187399
265 266 9711 8398 4790.366760599315
266 267 4866 2904 3721.6970594617524
266 268 4781 148 8506.241184924123
267 273 8248 4526 8326.537827087843
267 276 5042 1792 5366.50287241098
267 277 6243 5926 7545.808646462135
268 273 9177 1878 4797.337029020633
269 270 7188 667 7779.111684175229
269 274 5967 718 5649.655762773098
269 271 1091 580 1880.5575750676978
270 271 2024 36 906.950249542775
270 272 2844 1851 4187.190974422069
271 278 9906 6273 2275.827497392206
271 281 7149 1025 7923.163762885491
272 370 6988 3943 8610.543800311238
273 274 2493 2095 2354.4987710757796
273 275 4406 2891 3869.5000266205034
275 276 5206 3996 4306.621131749428
275 278 8088 4503 3577.3703505458534
276 279 1205 381 1137.4257576609764
276 280 9346 1329 6526.7500951105085
277 310 3649 2282 3552.785985452959
277 280 8262 2742 8146.713367181921
277 290 6289 3963 9264.221293103388
278 279 3952 2322 4077.2837050366356
278 282 200 145 202.5085130394702
279 283 9188 599 9760.22586976164
279 284 2422 1794 1525.4460396362733
280 283 7655 6126 5033.929874277949
281 372 7090 4794 8770.288760033822
281 282 4550 823 6458.70426265672
281 377 4030 3809 3752.018789552814
282 284 3536 999 4479.396951558267
282 378 7229 1861 9127.86491446884
283 318 5334 3720 7718.2835534291435
283 321 5164 364 3413.3512713732525
284 379 2913 357 1208.825047773949
284 321 7423 3054 7182.272362516936
285 286 4731 2521 3048.956921393669
285 288 3900 2694 6713.213809881884
285 290 9813 7039 7732.388900534457
286 310 3527 680 4472.414663075515
287 288 6544 3823 8157.353131706992
288 289 854 650 973.9936176588446
289 311 3765 2163 4601.557737058755
289 317 8709 7392 9390.671747213293
290 317 2400 700 2380.1878404527383
290 318 2791 1019 2134.7500378501168
291 292 5566 1423 5500.719545128928
291 306 959 620 1049.737416329777
291 307 3962 2179 3584.1342717195607
293 294 5758 3254 6131.168490893823
293 296 3734 2100 3740.7086890917303
293 297 4333 1414 4121.452470146992
293 299 3187 514 1432.9468146965057
294 295 4261 2169 4677.901626361944
295 300 8047 1456 11604.68708297511
295 315 8230 1740 7735.317521246057
297 298 1316 1289 749.5178208057462
297 303 6919 3728 8021.677995144392
299 301 9500 7595 5515.202431181298
299 302 9447 8997 10778.322985964845
300 302 6556 575 9191.948518594289
300 329 6093 3483 7878.135775623177
300 315 1068 1008 1253.8363807389296
301 305 4888 2576 3940.174558854285
301 337 4173 3639 4040.2175917576283
302 337 8233 1779 5367.929099060335
302 338 7123 31 6260.334623610969
303 304 3002 390 3146.0704812498934
303 305 112 21 113.3515688140868
305 309 7196 5387 6816.5475899095445
306 308 668 472 802.0555886966489
306 309 7261 5131 9862.924995659545
307 546 1523 1145 1431.7130638016354
307 547 2352 899 766.6462206037393
308 342 2909 49 2908.7986607646635
308 552 4479 73 2269.935037425208
309 339 6073 5564 4580.5028457299
311 312 8262 70 8261.305773945129
311 314 2560 1999 1161.4695400929636
312 564 9939 304 9939.802003134597
313 314 4724 2034 5904.982402127237
313 316 1158 181 1156.0693843485133
313 325 7629 115 9676.453484210957
315 327 361 68 476.05417812017214
316 325 8219 5829 10178.309955736502
316 327 6012 813 9280.002494540662
316 328 9610 5101 7401.860956043896
317 319 7366 1366 11761.458005882501
317 320 7573 7253 3508.751765791609
318 319 8601 4864 6696.9649005985175
318 322 2347 1115 2449.71517592416
319 323 9147 7382 1612.722491922883
319 324 8525 1002 8493.28790755152
320 325 6207 43 5992.591240999927
320 323 3575 290 5366.094266084324
321 322 9236 6132 11955.257691037326
321 449 8084 7969 5567.220380951157
322 324 1505 1201 2223.9904070231787
322 462 8476 6426 2607.929514028593
323 326 5364 4548 4399.597807729359
323 330 1318 329 1525.7466077456945
324 330 8951 6113 14681.593332807544
324 450 7607 3023 8432.778405781608
325 326 7439 908 7525.903955182441
326 331 122 41 20.637328382113378
326 451 6291 2998 6727.605883782941
327 329 2939 2064 3664.2114860956444
327 332 5083 2385 5411.189230313984
328 333 9545 2149 5975.24864498436
328 334 2706 1290 2637.641077947252
328 332 7522 5007 7904.711995993635
329 338 5416 2853 9218.151514525727
329 347 5450 744 5071.037355742559
330 451 3149 2225 1347.2412923731079
330 452 2270 1151 2738.9363389908103
331 334 8291 4963 13217.446244836146
331 335 7909 1139 7089.537062733306
332 347 3333 899 4547.112596874188
333 346 1198 164 1195.5422168936902
333 473 448 424 418.2596455708144
333 474 6462 698 5880.304807540795
334 336 5877 1170 9162.215984126195
335 451 5113 984 2417.2201953317904
335 336 7259 2403 8993.987897460589
335 454 3703 2584 6006.696866153013
336 455 3848 3050 3320.287585232348
336 456 525 15 578.3007871350205
337 339 3959 2021 3890.792768044506
337 340 5798 5144 5347.311775753132
338 340 6305 6069 10480.005398462465
338 348 6884 3490 5440.779715330887
339 341 8233 8229 10416.276788863373
340 349 2540 1792 2006.1007313012124
340 344 2036 709 1263.6322916107974
341 342 7185 6663 6450.172257500103
341 343 5891 5410 6039.295285690947
342 353 4358 3611 4032.9081972266704
343 344 2050 467 2044.9200365028798
343 353 6978 1871 8324.78258245567
343 354 1973 422 1960.93616852518
344 345 9760 3049 10338.284043463223
344 351 2194 124 2193.5223364817325
346 347 6404 2834 5441.759395761303
346 348 6068 4228 9864.981129918682
348 349 1816 782 1895.0969806383814
348 350 1876 1458 1827.1400974211424
349 351 8667 3162 10127.884886757221
349 352 4200 896 4286.238151930757
350 474 8756 5223 9515.15380897555
350 352 3418 2914 4583.214616905377
350 476 2626 39 2625.4823954775648
351 354 3433 118 2142.3418219855766
351 357 5330 3913 6435.027725702994
352 357 8135 6049 6495.142593611607
352 480 8595 194 7980.375360427102
353 355 5764 1931 3924.650082164865
353 356 1020 595 790.4949259438314
354 355 1697 168 1295.084763481326
354 358 8215 4792 4244.956391993145
355 359 1678 1407 1156.3837837869469
356 594 3729 3310 5791.203862462998
356 596 6889 795 6749.819482348586
357 484 9982 8218 11762.78303163465
357 482 5224 4496 6057.186470185071
358 485 2692 782 3116.1697092326044
358 484 5856 3997 5955.410774095212
359 486 7432 3856 9834.755500626177
360 361 4106 997 4107.014351245069
360 367 8405 6078 15659.036409021366
360 369 4746 1148 4720.378443339011
360 397 2008 201 2268.1348078689484
361 362 9709 4309 2005.3956144289457
361 367 5503 3782 8440.297122659164
362 374 4312 2756 7143.654616945383
362 375 1399 773 1490.8301964946722
363 364 6536 2552 6523.1582244400415
363 368 7252 1858 7293.822834376413
364 366 2059 1788 660.5311030183988
365 366 9993 9798 9204.550997155751
365 393 6289 281 8521.336456563664
365 397 5001 4119 7086.301214845774
365 398 8254 720 7479.318127093036
366 393 6571 2187 6030.627710155928
367 368 7940 5776 9049.234989148767
369 375 3431 2300 3664.0092065094204
369 382 2849 19 4161.449851705623
369 399 7055 2378 7041.1533398061465
370 371 8263 6668 6482.282548240799
370 372 4848 4401 2671.7579360600607
371 372 9869 4302 17107.702599894124
371 374 8546 5372 11594.140708058252
372 373 3729 2752 6830.7703443372475
373 376 8668 8204 13142.473678237235
373 377 7751 6217 14349.495475726944
373 375 542 165 549.6918604180051
375 376 3576 1207 738.7822740490515
376 382 5045 1065 8148.449665410325
376 384 5911 2846 7204.489488698297
376 385 3977 3244 1375.988541735233
376 386 988 811 870.6708464310009
377 378 1098 128 1094.1358850417187
377 384 5132 332 5130.680519156349
378 379 225 108 243.91045959960866
378 387 7239 5263 12118.6891311388
379 380 2030 25 2029.5921682498633
379 381 4879 4531 7314.9551568495945
380 387 7416 93 7416.21699327447
380 389 6491 3151 10531.987969917702
380 428 6535 1851 4265.07778757052
381 449 9514 722 9517.390837246321
381 389 3367 2766 3331.0378951103635
382 383 9581 5225 12414.340799883317
383 399 8100 6804 10008.043012706023
383 385 3193 166 5473.022831158087
384 387 6608 3904 7950.764735989158
384 386 7683 6557 4649.956000300184
385 422 1632 1506 1607.635738401164
385 423 3765 731 4843.7050381756135
386 423 5080 2599 4758.097086252585
386 426 3936 3482 1819.986619509256
387 388 2897 2204 3216.479213487447
388 426 6713 1822 7587.5818045766655
388 428 7345 225 7345.118842133099
388 427 8753 7629 15973.118481424659
389 463 36 11 6.841037354033244
389 430 6013 4973 3437.1394697626365
390 391 246 103 167.8098512043877
390 392 7909 831 7927.44661767448
392 393 272 14 270.01991053702363
392 394 3940 2672 4069.692291807749
392 395 1387 824 775.322681006595
394 395 5048 3736 7124.06622433428
394 398 4205 1614 2449.1299308202438
395 396 4322 1077 4114.526199112922
396 404 9721 4215 12033.045235546104
396 405 1945 130 816.9574024210484
397 399 7749 262 7747.359719987347
397 400 8787 108 15681.029572033798
398 401 3358 2829 4182.7198166919015
398 405 7616 3064 4269.958593430842
399 421 8279 8009 2720.157720734091
400 401 3821 2778 3613.5570477432957
400 417 8 5 8.346196298020354
400 421 8681 8345 9680.893327574355
401 402 1821 1386 2019.452422047095
402 405 5692 2745 8281.293257245845
402 415 2794 2074 698.1068698921187
403 408 6460 4213 7479.543721070802
403 411 843 553 1012.9968253589794
404 406 3413 1331 3384.550844140327
404 407 5841 2446 7274.804281082529
405 407 7571 5811 1764.2273637329024
406 409 7279 1825 1040.6990225259096
406 412 2873 2644 2384.3285554822633
406 413 7721 5602 6105.612935828548
407 412 3735 3577 5773.751743401634
408 409 3211 1520 2076.306072719138
408 411 1304 306 1044.9903200104661
409 410 4071 1540 4112.288728930106
410 414 4157 1489 6591.106164057762
410 766 2545 283 2767.155606685456
412 415 3874 1185 5339.689051668914
412 416 383 3 221.00941168774744
413 414 6770 1519 12434.55125436756
413 416 2653 866 2646.158662157732
414 767 3914 491 1902.9895627002918
414 768 9166 3734 9118.411857713423
415 417 3906 1606 1998.739668631329
415 418 5558 5550 8269.943733528626
416 768 2236 34 3045.8094826392203
417 419 6267 4527 7547.9719593910695
417 420 6090 150 8931.362197344177
418 770 6837 3891 11505.798942696316
418 773 1861 1609 1708.404669776889
419 421 9161 931 9115.641562833143
419 437 2739 1698 1895.9907415644739
419 438 1962 1956 2354.680411462545
420 773 1143 1053 1000.4573539237298
420 438 5034 3201 6892.373752873151
420 790 8180 3806 7945.923382250294
421 435 213 50 199.38278949245938
422 424 710 168 925.4807126649354
422 425 6029 3388 4989.07387809557
423 426 4522 2404 8172.028324648278
423 424 9456 1069 11172.242375813988
424 427 9868 8133 16024.81343476018
424 431 4132 444 2108.704647073042
425 435 3688 743 3674.5190185355505
425 431 5878 590 7555.580389489083
426 427 1488 1234 1663.3721886706874
427 432 6104 233 6098.074213712876
428 429 4296 3037 7563.795083594285
428 430 4016 760 5681.498427631896
429 433 8976 4458 1921.1892175374196
429 434 9495 1146 9511.53940853999
430 466 9152 3609 9519.132063999376
431 442 7426 2352 7202.691796202603
432 433 7436 2137 7439.924089010704
432 443 9537 9063 3763.5325201784567
433 443 5050 4876 4546.934863832723
433 444 5337 721 5619.699964370193
434 466 1172 1104 1553.1272761733667
434 497 1164 1123 45.16785474754025
434 444 2536 415 3820.923765723648
435 436 8109 978 4557.818223309256
435 437 3304 2346 2303.7685448476886
436 439 2557 407 2553.840197514863
436 442 3912 159 4478.790765378676
437 439 2730 75 2731.0293062293345
437 440 6030 58 5312.12606243475
438 791 8293 8257 10908.653969725647
438 440 9942 9794 10185.72643468493
439 441 1890 471 1177.231438713918
440 441 1930 1011 2198.0378385827253
440 792 7430 2535 6193.284961758121
441 794 9010 7543 7204.36758380045
442 447 5094 1623 9159.793932393435
442 445 717 122 579.677051215959
442 794 5311 1129 7035.621909571041
443 445 6879 6304 7733.287895373483
443 446 105 52 122.79201706094486
444 507 5827 5107 6682.276214570237
444 508 4634 489 7675.255491865584
445 446 4195 2715 4444.0670296434455
445 448 2602 901 2905.133474439332
446 508 672 137 696.5774700630043
446 510 700 353 644.7710362313658
447 448 996 797 1045.1173476474546
447 797 8762 524 9373.03603654036
448 512 2444 642 2106.180261848004
449 462 7262 7173 180.99067985460954
449 463 9106 5257 4171.315251907218
450 462 6203 2137 7955.077647580947
450 452 6898 2135 3933.2419454868227
450 465 3667 3421 3063.8478216110534
451 453 7844 3137 12688.889656189529
452 453 1342 726 1524.0437601729284
452 457 1956 1942 2041.987298205652
453 454 5090 3965 4232.11830694557
453 458 4251 1711 3223.864993820368
454 455 9395 5851 16595.41092715109
454 459 4427 3617 4316.448913056986
455 460 4238 2298 2837.205461690186
455 461 865 267 950.6196636602406
456 473 2181 1479 2572.4410615519846
456 461 1530 959 2672.9424843707234
457 465 8381 2166 8220.312361070955
457 458 6846 5255 11266.981235373401
457 469 2802 240 3399.0369841887295
458 459 7946 3115 8934.582274727461
458 501 8508 1188 14655.981973459067
459 460 7404 6857 12666.578721001082
459 470 2511 978 2695.358586377345
460 471 6157 3910 3945.1826876057453
460 472 5702 4903 3213.806456964744
461 475 5754 4204 8708.460323936617
461 471 8226 6824 10516.003954960364
462 464 5953 3332 7285.601345838629
463 464 3463 3296 3781.2843852147357
463 466 5668 318 7092.334671579875
464 465 5401 1272 2584.0484065991195
464 467 6388 6290 10732.802859021738
465 468 4574 3378 1481.6052879647013
466 467 839 653 1147.8007299920166
467 468 6039 1462 6519.306996117891
467 497 7427 764 7514.296131944038
468 498 9940 2118 8289.341810800108
468 469 7203 632 3135.113296963924
469 501 9196 2327 14602.74815600847
469 502 9060 27 6449.683297126246
470 501 5173 3348 8055.147851739563
470 472 2730 1313 759.0836425783485
470 504 7797 2751 8264.995928323215
471 478 4441 1914 5248.791001380038
472 505 4637 137 4638.250810582634
472 506 8007 3587 9117.905560612146
473 474 4892 580 4889.468267592134
473 475 1508 501 1850.0458450255312
474 476 2987 2115 1870.850990124303
475 477 2680 2193 4802.528039382084
475 478 5710 2511 3773.531644853419
476 479 3874 3256 4445.111098573628
477 479 2287 1386 1804.172161519751
477 481 6566 1522 5660.778322197783
478 487 945 943 844.0630465209744
479 481 3775 3276 3517.9572295492276
479 480 2794 1497 2493.882946446657
480 483 182 148 195.63450652865
481 490 3475 94 3476.0598364368225
481 483 3846 257 3848.413860507084
482 483 8153 163 3964.734528099624
482 486 8387 3896 7653.325305394645
484 486 6874 6329 7852.648345532895
487 488 2437 1486 3105.346518679212
487 489 6523 26 2960.0930884437607
488 493 8522 5101 13668.021303471714
488 495 7962 2192 10145.12501144615
489 506 11 2 14.194989120450899
489 523 5392 2781 2719.6877370469047
490 491 5712 2326 3778.9807803824774
490 496 9922 8209 10986.12101137674
491 492 2744 1224 4532.055955306758
491 493 3109 1451 4427.4609892741
492 494 3234 346 5104.777842863922
493 494 9255 1329 9415.127261055803
494 524 7878 7623 3154.2407173003294
495 524 1697 246 1711.7860485554309
496 525 4440 3982 6353.824101465992
496 526 2577 2178 1597.055475144947
497 498 2264 1773 2110.532467232916
497 499 5424 368 7961.493822521227
498 500 558 264 607.4344841592374
499 507 3975 330 3971.152048653926
499 500 6761 2580 3749.489569938382
500 509 3952 144 3282.4777283669064
500 502 3069 399 3066.560288016324
501 503 8086 2474 8789.928740942283
502 509 6898 431 6894.043424472376
502 503 8683 7546 6766.58923762586
503 504 409 340 309.15277639399324
503 515 5625 4220 3158.3175755892603
504 505 748 245 769.1732283595264
505 517 244 241 328.9576571547652
505 518 4194 2390 5391.669117514805
505 521 2881 1275 601.0688234753958
506 517 5916 3719 10278.594928689987
507 511 2051 1841 1687.795499458333
508 510 1927 1354 3001.6959782809863
508 511 596 32 405.01039172177053
509 514 3441 1918 3387.173239754691
510 512 4787 3350 8482.361312443312
510 513 2073 2 3063.118026157667
511 514 8233 1067 2820.368620489171
512 800 5495 312 3091.8571560936957
512 513 5669 5016 4006.1740225027534
512 871 6902 57 12309.557307016754
513 514 6173 2162 9071.29082786663
513 516 2133 1668 2263.3237249591125
514 515 540 349 426.1256381142146
514 516 6718 5138 8645.88475492941
515 521 2202 208 2143.004898838495
515 522 1308 258 2402.091369941364
516 870 122 79 127.68702278186838
516 872 2985 431 2454.07948562918
517 523 8049 524 7939.909414536515
518 519 5167 301 5164.762416081458
518 528 1766 998 1649.5369643061833
519 520 3926 3592 5297.354475530252
519 521 7031 3437 11140.11130661324
520 875 9457 4567 15306.09056145334
520 877 5648 2876 7660.171588063595
520 879 6517 4169 10000.376559370548
522 879 8265 3844 4784.2515050932825
522 878 2983 2558 5082.867882148161
523 528 3093 3041 2639.403137360289
525 526 5012 569 6088.291608734243
525 671 6993 1122 6972.729308618945
525 527 3906 1492 5885.721365685557
526 527 617 176 586.8976623103565
526 534 5650 124 5651.250528725384
527 698 3526 1910 1684.5209544669956
528 531 6137 2606 8129.022074080421
528 532 501 197 504.1273987190324
529 530 1463 1282 842.8881984627252
530 532 6090 2104 8406.859878915346
531 532 9855 8378 11986.570741313562
531 533 888 573 962.0173641974799
531 875 5021 66 6007.8890729024615
533 876 9763 1089 9751.961822932994
535 536 6608 4194 9949.638468144109
535 539 2010 1049 1668.0599063469901
536 538 3044 1623 3002.9878512396385
537 538 8433 7978 11981.60526667411
537 540 6846 1976 5015.559289148108
537 542 6010 197 3884.2285994086997
539 549 2026 277 2006.3796540173541
539 551 2360 1966 1042.3876503235654
540 541 8828 891 15616.610653383037
542 543 763 509 1051.1997937545827
543 544 5941 3133 5056.74795903604
543 550 5918 2155 4795.4607546285515
544 557 1001 328 1006.9202815453078
544 558 6283 4583 9856.609314708889
545 559 4096 3032 4589.651120374208
545 560 8385 1099 11451.931839019466
547 551 8537 7022 3257.1358797093353
547 554 5212 2579 5960.675653680142
548 549 1221 233 1222.3171031258446
549 550 1314 116 1316.9214613819704
550 553 1908 1537 756.5811956646186
551 553 829 3 828.9946321903536
551 556 7760 3315 7038.436612993434
552 554 5472 2241 6764.9021990922765
552 555 523 468 423.34757980621066
552 588 9775 2989 10898.252977816599
552 591 5929 677 8404.63600264467
553 556 8199 3205 10505.053913040983
554 555 4713 1504 4792.77555668896
555 591 4449 962 4448.531253999552
556 589 2706 1004 3034.4975530786423
558 560 3246 3147 3228.8200259948917
558 589 4187 3666 6583.632094201151
559 569 5914 845 6460.785236802046
560 569 2143 1657 2555.812260240471
560 590 7670 2582 9585.93657976015
562 563 3779 1053 4125.956776008587
562 579 8345 3617 10068.5443999428
562 567 3665 2127 4252.786814805398
565 568 3283 2690 2964.065166984158
565 566 3412 405 2650.438134084899
566 567 8283 918 8248.589294267038
566 584 7975 1256 7994.76400577163
568 585 3214 174 3107.814605506715
568 586 7552 119 7552.21722968338
569 576 501 263 511.0722903283202
570 571 7051 4088 7170.0423722058285
570 574 3941 1278 4307.994152265781
570 573 6381 1582 6361.073242474751
572 573 6220 1868 5527.96252221038
574 575 6147 3723 7701.46443650463
575 578 4446 3896 6606.701094879466
575 576 7272 1929 9635.98601232343
576 590 8848 2929 11305.795718006486
577 578 5976 2525 9669.854315459606
577 580 2321 1224 1745.1938541053005
577 583 6868 5999 727.7003199672437
578 579 3354 863 2054.809491054281
579 581 1726 196 2265.6956805664663
580 600 767 404 422.1174839098136
580 599 4550 3441 4862.155334385387
581 582 1554 304 1276.366001781957
581 583 1197 330 1041.16400619096
583 587 3238 159 3240.5202628597094
584 587 6111 1192 4251.973906859396
584 586 4458 3151 3045.875306914942
584 609 3213 1282 3267.9808449660713
586 606 8981 6558 9219.589747744623
587 600 1812 1617 1580.8737278443375
587 616 7479 7052 9521.482694208351
588 594 3982 2061 4615.070065647565
588 597 858 331 1647.75771700359
589 592 9430 3800 5429.877970990443
590 592 3571 902 2377.6289717092795
591 598 2879 593 3809.1023518199736
591 597 8442 3723 3573.110377947632
592 593 6844 385 6842.359849281096
593 599 6430 2083 6618.156745100403
593 659 4824 1635 5232.524937208148
594 595 8691 7286 6878.032036944327
597 665 6664 2017 5924.761845495097
598 659 4363 2626 4829.120836074311
598 660 3964 120 4863.278185327848
599 600 2811 340 3212.843236593436
599 603 85 58 82.7212702254373
600 601 4389 1994 6367.9114635783135
601 602 8016 4268 6199.468670893537
601 603 8066 977 8051.570327332435
604 605 547 414 508.25252724371154
604 631 6408 4816 7834.317949311948
604 632 923 660 756.7825249549245
605 684 6603 3624 6776.408387395036
606 608 9477 3474 2597.3089169213113
606 609 3283 334 3381.589365463818
607 608 4408 1019 4466.318411660005
608 610 2442 1271 876.9263244610423
608 611 2180 764 1884.029442560257
609 610 4431 3305 5555.70921612824
610 617 9965 6139 12696.895684110037
611 617 511 474 433.05181565125724
612 613 2201 686 469.3596896916817
613 639 1612 1066 1681.9635034393552
613 615 3820 1220 3602.049124079327
614 615 6516 1191 5841.506068319434
617 618 5079 225 5077.026254203588
617 619 1311 1113 594.3928285691308
618 620 1929 1211 1682.7208508543313
619 657 6666 4385 11950.298975282309
620 623 4341 4084 3544.2761438609755
620 624 1008 537 852.4363343021266
621 622 8219 3307 7709.606541724936
621 625 7270 5041 8821.51879686089
622 623 53 36 97.0002340025407
623 625 819 773 648.8552501856068
624 628 7069 6491 9556.884324014512
624 626 203 46 267.80446742307396
625 626 3762 1131 6228.844627182449
625 641 3227 1706 3227.0695550538308
626 630 9853 6206 9195.348861887112
626 634 8004 7394 7888.761764514991
627 628 7654 2991 10042.35180492931
627 629 777 413 829.4306770388507
627 630 6380 2997 7717.55950687498
628 631 1620 253 1631.2453518239709
629 633 3261 2312 6099.747530862039
630 635 1706 972 1198.4908136058493
632 686 9250 1435 1928.4172606981438
633 635 7538 4458 7176.918723390849
633 636 7105 4227 3985.4259373590335
634 641 2382 176 808.2067560211898
634 647 6010 1210 9179.303002969893
635 637 7757 4093 9459.20418258938
635 638 2525 1934 548.8579044363173
636 726 7986 406 5817.704281516328
636 727 7582 2323 11598.124120948953
637 649 4494 671 6481.2827508428845
637 652 1499 1220 1285.5389826868172
638 727 6052 1181 8328.325631775453
638 729 248 149 246.53478632828825
639 640 1495 1317 853.6958363208488
640 643 9283 2436 8200.469258009321
640 644 7672 4090 13016.286870444932
641 642 4021 1955 5141.33077028757
642 648 5159 4335 4008.667570760423
642 647 9942 8400 11981.415149420856
644 645 6436 3444 5602.030594170854
644 646 5684 4420 4008.537279730987
646 655 9911 2022 6228.531584086993
646 650 2109 70 2109.9091837919036
646 654 6096 5631 2458.103562462643
647 649 2803 2735 2903.5629079606197
648 650 9135 297 9136.713504567431
648 651 4061 2590 3177.187032992555
649 651 3461 2860 349.0029867985815
650 655 8004 2026 7419.476316938504
652 652 1581 873 912.609921825797
653 654 2215 969 2016.3019688401503
655 656 8236 695 8225.485059603441
655 736 4968 1099 4987.552407680954
656 739 1274 34 1273.689740444293
656 740 7965 4946 3628.4192103272585
657 658 80 37 90.12400583829819
658 659 2329 1245 2942.863592381151
660 661 2123 470 2070.7853276375504
660 666 936 299 747.7385252490441
661 662 1454 1150 1446.6928446908535
661 674 509 127 509.10476609390156
662 663 2811 991 4033.2930090417817
662 664 2449 1748 1966.9553008428666
663 677 1247 758 1908.4333372672693
663 678 7539 6653 10090.436340240392
663 679 3577 1047 6732.5827524151755
664 674 1214 280 1640.2839938599673
664 679 828 528 1151.0215541458365
664 703 7357 3890 5881.978905470963
665 666 1634 1101 1170.9174468880449
665 667 3128 1294 2641.9927362002686
665 668 4784 1266 1559.5713321469289
666 673 262 257 443.5716166179154
667 668 4510 2655 2872.8610195412853
667 673 6861 4550 928.0628810802752
667 672 4876 37 3580.214423772469
668 669 6907 3534 6676.8407960389395
669 670 8951 4221 12887.112460095894
669 671 2185 1931 2457.8335497319295
671 672 6849 6102 5080.273321413611
672 701 9165 6476 8206.835490192645
673 674 6947 4385 6706.593283922669
673 675 5168 137 5168.479848687852
674 676 1331 177 847.1702488705015
675 701 8002 7626 10629.44649587016
675 676 5485 1425 4022.2118593485125
675 702 8253 1362 8296.206669045747
676 703 6033 3621 7492.600585009436
676 704 203 108 35.913383126319005
678 680 6203 4844 11592.003280409072
678 681 4497 2811 2000.2053573543512
679 689 4903 4253 5220.8939713279915
679 688 4640 2526 3450.4425706987613
681 688 819 182 1324.8090311541873
681 685 2782 857 4050.62143265373
682 683 7747 5038 7718.440810013203
682 684 5875 1736 5354.693854183204
682 685 293 201 300.7372717150079
684 687 7967 4536 4036.306897429332
685 687 9168 5249 9049.395439269609
685 691 8349 2775 8872.799863736644
686 694 772 395 825.8442847035051
687 692 9225 5565 5884.152273168081
688 691 7519 5066 3435.065074728321
688 690 8982 7735 11001.17195000319
689 690 4933 4048 7320.7575301844445
689 706 4217 3338 5015.78556067659
690 695 4365 2966 6311.859838187176
690 708 7699 7018 5938.301564475812
691 695 3644 935 4342.293990746031
691 696 3249 600 4144.327795716909
692 693 9582 2247 9204.255320512983
692 694 302 187 351.4588182525061
693 713 8648 1239 8609.504751196397
693 715 2416 187 2416.071718112142
694 730 3801 1985 2524.307605149744
694 731 3661 3485 1218.6063019468527
695 697 6919 103 6918.332522549265
697 708 4693 4574 2358.7288654021067
697 713 7046 2513 6754.274976665945
697 712 1911 300 1724.9893996412654
698 1114 2424 371 1220.4435270019176
699 700 4077 1752 3214.8180746261714
699 1115 3794 1249 4691.104049545662
699 1116 4409 2579 2324.2026355377
700 701 4505 313 2128.087030573273
701 702 5799 5036 3168.7306962749194
702 707 799 127 799.9300209068825
703 705 8676 7999 6093.647818166163
703 706 4802 613 8331.851871293342
704 707 7031 6305 10554.41010765742
704 705 8369 3496 6951.021910271189
705 716 1408 677 1700.3986795590267
706 708 4668 1804 5762.438880121387
706 717 626 5 626.0620450075852
708 709 9737 8679 16206.989328142037
709 710 1872 1817 3038.88547690008
709 711 9619 4543 16339.958863723221
709 712 2651 1217 3665.5276664590738
711 718 9351 2397 10844.238953580245
711 712 9655 8008 8342.814056323594
711 720 1367 870 845.749254224496
712 721 7557 2445 9229.164120166603
713 714 3076 620 2149.338846752
715 731 1867 489 2746.980181644039
715 749 9430 7840 16457.583680896267
716 717 9206 7386 13791.24833101312
716 718 709 501 633.4305635812608
716 719 8633 7905 9804.854586256115
718 720 8375 5652 8168.389447316447
719 1131 4592 2007 4168.543093552416
720 721 1556 619 838.7812906769251
721 722 302 57 302.14055741257596
722 723 7856 895 7848.458585771498
723 724 4498 846 2450.975033823753
723 725 4144 2235 768.3432227557743
724 744 7886 7196 7277.301235921945
724 1198 673 95 672.422704299831
725 1132 3380 626 2002.1139626991187
725 1135 9632 8742 10296.768285363423
727 728 6459 5039 12157.412028287401
728 732 6659 3455 8032.086243361032
729 730 958 589 1202.4083365991182
729 734 8907 1761 9597.936342036108
729 736 7954 6948 7309.318769815096
730 732 6281 78 8916.192323050083
731 733 2282 1430 843.9907797850434
734 735 1444 660 1546.3937417208347
736 747 4264 1008 2822.8476803063218
737 738 7659 1786 11543.584571438629
737 748 4367 3413 4255.157248523024
738 748 1996 1511 2324.0723045701625
739 741 817 418 890.2684778759946
739 742 3996 3460 7096.246847161776
740 742 5459 5404 5508.074455193431
742 746 8741 5852 12382.71690240052
743 744 2026 1717 3300.511020761181
743 745 5263 3155 4157.944235228248
744 750 4105 2696 2895.501476382258
745 751 1317 443 1033.6358129025477
746 748 4356 2511 4609.645279300806
746 756 9900 5144 7903.937068992057
747 755 8058 2594 14164.951560267604
747 757 9818 1959 9639.109181467462
750 1198 3789 3675 5006.495740361048
750 1200 3746 1841 3273.424517136186
750 1201 804 497 1210.7442096356522
751 752 351 259 544.1323469554311
751 753 9304 4474 11264.638545972703
752 754 9499 5875 4762.448775024582
753 1200 9860 2032 8772.139502000364
753 1203 3509 3190 2402.5388029699716
753 1208 4958 3378 4785.270882092909
754 1205 1291 404 1028.8362643436794
754 1209 2529 1090 2533.0955002536175
755 756 245 148 197.32793038307574
755 758 8577 7946 6796.455736057204
756 759 2261 753 1799.556819726082
756 760 5932 5711 3562.2460797647686
756 762 5084 339 5090.272362760581
757 758 4759 1153 6982.155996018491
757 761 1356 956 1563.1372892752343
758 761 5180 3695 3787.563027377467
760 765 257 131 200.19681039331127
761 762 1065 799 678.7157755948701
762 763 2846 2376 3151.4383660342046
763 764 4089 1849 2765.861547315198
763 765 3836 191 3799.967553619523
764 1230 4165 3450 4006.3362164733903
766 778 6915 652 6924.347622018728
766 779 7411 2546 8713.49762011
767 769 997 431 1077.1879171865373
767 778 2452 1508 1875.4306655218325
768 770 7359 1044 7364.5555974685385
768 771 4811 4541 3421.623739770353
769 771 8568 4332 8333.045165235197
769 775 9087 1644 5447.308572235076
770 772 4051 1617 2326.0884804982575
771 776 8261 6431 6982.898913539223
771 777 1299 544 1351.9175123443708
772 777 1933 987 1887.2700970071435
772 774 4739 3567 3680.771366237672
772 785 8987 682 10923.73980500692
773 774 8266 3173 8408.7243056591
774 786 5500 3798 8333.61742359793
774 787 2951 851 3026.560250040781
775 780 4381 1900 4324.298668544431
775 776 3216 1455 3080.288458704175
775 783 7170 2277 6748.358687357314
776 777 5691 5604 4945.105240221933
776 784 823 620 904.3076851022854
777 785 2933 611 3300.704543493372
778 780 6748 1315 3416.8969811445845
778 781 3466 521 3468.4416200848773
779 813 8877 3101 8970.804114878314
779 820 5688 4690 1668.2289598297573
780 782 637 136 431.65235055110065
781 782 3946 636 3944.4281292039923
781 813 7436 7040 9774.188939315656
782 783 5674 2499 9461.858525861762
782 814 9867 5501 11870.068876942458
783 784 5759 3297 8450.075425586989
783 815 395 387 590.9158161016205
784 816 619 341 352.90184074971984
784 817 2834 398 2841.1793173176275
785 787 1933 441 1330.3770870265012
785 816 3819 400 2394.083564485539
786 790 6936 1399 6792.230038950246
786 805 7886 152 7884.886029655132
786 789 1847 1801 1374.3461610538054
787 788 99 55 136.66886355112513
787 789 4137 2941 3884.0323588273855
788 816 3531 1438 4576.500954839653
788 819 818 636 1565.5027032113048
788 789 9425 4155 1742.8572767368942
789 807 4708 4387 4231.6029002697605
789 836 2389 1175 2111.661427569358
789 837 6775 2404 8427.898801091516
790 791 4983 2197 1548.2546387364712
791 792 3604 697 4415.87304402923
791 793 9722 8625 5352.3234139555125
792 795 6442 3300 1772.1291845286
792 796 5877 364 9112.854467520863
793 806 9162 3383 5576.027483223066
793 805 1779 802 1905.0249479057343
794 795 8907 6955 4095.8515095715456
794 797 9713 1264 9946.464534855295
795 798 4851 582 5225.734416847151
796 806 7893 818 7890.561115506534
796 809 8498 237 8491.228940870067
797 799 9556 3405 13681.810287836333
797 800 109 6 109.06943311790498
798 799 4844 224 1808.4313389478623
799 800 1594 815 1341.5991079333253
800 801 5990 5970 5319.1304721643355
801 803 534 160 501.1506137531734
801 871 8224 5939 3012.1185203839054
802 803 208 192 302.2731601641547
802 810 9290 9108 8522.601010347062
802 812 7582 420 7654.309291580995
803 804 1566 1387 873.9304045977257
804 872 1255 1131 944.7898147078013
804 873 2457 1762 1678.7191917542116
804 874 1595 657 1720.4622126532583
805 807 9561 4235 4504.753675155607
806 808 3675 2947 2091.7056166829448
807 808 6113 1876 3467.1515672982246
808 809 9897 4361 10755.356809516195
809 838 1865 169 1870.555976986409
810 847 7252 1713 7554.126057289314
810 851 5460 3865 9044.418469618575
811 812 3261 2728 3916.3247929485806
811 846 7146 238 9804.677703244079
813 814 1466 1177 2240.4178878483044
813 821 7013 3914 7064.189703432518
814 815 3936 873 3949.7003968662293
814 823 8656 3809 13611.695374219775
815 817 1574 1308 759.6318566913674
815 826 2121 128 1190.1972764963732
816 818 4179 4082 2557.3166379901113
817 818 8049 7728 13632.063585163796
817 830 9990 7955 4966.217618220783
818 819 8174 5764 12582.376031311496
819 831 9912 1366 9893.499714452497
820 821 6054 1523 4670.161799645112
820 822 6555 5664 3586.1907205180196
821 823 5699 636 7483.428834805205
821 824 6193 48 6192.210193257753
822 824 2084 258 2562.836700606218
822 827 6737 1690 5740.634936560629
823 825 9135 7943 16550.77757020087
823 826 9260 5786 4714.0035250535275
824 825 2691 266 2622.213543510991
824 828 7451 6049 3883.790236788726
825 829 1915 183 1917.1020826627291
826 830 3959 1835 4452.41755993427
826 829 3141 2710 1376.1534732073303
827 977 4317 2092 6875.038589584653
828 977 2297 1287 2300.6800131110895
828 978 8517 4051 14857.678186792597
828 979 6140 3258 2510.1137746280665
828 988 9554 6705 8958.5390713729
829 978 5985 3171 5946.470904281463
830 833 4748 2597 791.1377149589189
830 834 620 329 603.7961263837582
831 833 2802 2349 3160.843669671189
831 837 223 8 346.52365651822527
831 835 3287 1997 2069.930032869115
832 833 620 50 298.8859050531653
832 835 3854 562 5448.32274345903
832 834 9150 127 9149.611821213386
834 978 3408 2785 3607.5618433126206
835 841 3928 3179 4228.803541627009
835 845 3437 2775 3112.1568642315524
836 838 8707 6125 7708.230331560735
836 839 4565 2111 1677.0862924582566
836 837 3647 3109 1053.7314619099357
838 839 7077 2498 7874.292449219955
839 840 5056 3205 6083.384268196114
839 841 5726 1557 4826.027680192156
840 842 2822 628 4283.991503278707
840 843 6173 4247 8241.326048158842
840 844 5052 4825 5338.337029174122
840 841 4999 2130 4089.545153275913
841 845 4939 2293 3813.2360376296365
842 846 2197 429 2877.4456334680594
842 849 3525 1807 3267.687227344908
842 857 5821 5607 1580.0820301245644
843 857 102 79 146.85810940104776
843 858 8035 6936 6373.194536950401
844 861 7144 3585 10868.422678216886
844 862 6407 1481 6787.283535301305
844 858 1388 1206 1899.5070534853667
845 860 9519 4820 10413.233784539942
845 861 1082 971 821.6748390723027
846 847 541 180 474.8222318108701
846 848 6773 3670 7118.7926761616645
847 850 2210 1197 842.3936241453448
847 851 4662 591 4659.184113945933
849 850 2200 1494 1597.9714355128228
849 854 6002 4796 11108.811522088026
850 855 267 253 295.40833359241765
851 852 324 147 593.4686231764275
851 853 4906 760 1286.0458314510815
852 898 4126 3724 3486.9692546047027
852 935 4518 4262 4566.571008420237
852 938 7460 5910 7657.0807608850155
853 856 5303 3597 5278.245530615192
853 938 9996 9172 11981.908369333169
853 868 615 134 794.0920512361781
854 855 9746 1370 7277.764176848722
854 859 7119 4085 8271.202805896062
855 856 8332 6828 5728.010918782394
856 859 105 102 161.3952080518391
856 865 2997 601 2640.328786009534
857 859 8218 4760 15791.753556577021
858 864 4326 1467 4716.615581921109
858 867 3101 2990 1666.622859148996
859 864 8143 5318 4693.618896208946
860 861 4426 1564 4014.6175410721808
860 863 4626 3839 5136.617651725408
860 1006 7318 6710 10096.913946257275
861 862 383 181 199.08183733294084
862 867 9641 7544 15998.981822933396
863 980 3227 1810 3026.6415531952953
863 1005 1481 499 1782.1672532204573
864 865 4953 3633 5665.324649045334
864 866 5667 1344 5654.4436242553475
865 868 5857 5321 5771.135402261969
865 869 8203 112 8202.680810543943
866 867 4021 2499 6546.069236288993
866 869 7697 928 9283.95467931352
866 1014 6857 476 6856.477691283576
867 1007 2596 400 2565.9142516184666
868 939 4314 3284 5448.842479644131
868 948 5519 2640 7436.791025373456
869 948 7739 1164 7650.98970738276
870 878 1737 775 745.0336626484041
870 873 7500 4090 6827.639245853633
871 872 904 590 652.1572505292262
873 883 2405 2187 786.4084643385327
873 884 3136 60 4205.779338600277
874 883 187 178 65.61752887198571
874 891 5769 3891 6773.3230953867005
874 893 9253 5471 11851.031625469566
875 876 3819 1740 3315.242415978234
876 887 2574 1434 2852.1250608811297
877 886 4576 1266 4404.8129206399735
877 887 2486 341 3349.9821026765762
877 882 9778 3973 5553.865579473529
878 880 2996 704 4545.1498718415105
878 881 9805 2326 10064.036083602967
879 880 1863 356 2233.748129095126
879 882 8557 2328 8892.875269398262
880 882 2912 642 2157.5489395936806
880 885 4447 2219 4589.984353033679
881 884 3453 2181 1862.6847232361026
881 885 5106 4775 734.4900657309125
882 888 9508 8471 6487.672067777574
882 885 4422 79 6499.754620462123
883 900 5074 4267 3241.4480614177464
884 900 6389 2793 3228.1311136888294
885 901 2122 984 1632.4677417179987
886 888 7864 5790 8725.920055474031
886 890 6091 3287 7118.938866320666
886 904 5114 1350 4361.993477789
888 889 3482 2861 606.450998838445
889 901 8159 63 11139.315019577738
889 904 6894 3478 9057.537525149632
889 905 4275 2394 2839.831344146309
890 907 6121 846 3465.5585946090005
890 916 662 287 377.89025173676805
891 892 6020 3377 5980.83723039778
891 896 7930 372 11807.101517495397
892 893 2390 1101 816.8525282848186
892 898 7779 4955 8633.775076782567
893 894 6987 4238 5884.141704741693
893 895 6242 2610 7568.456381069024
894 900 4455 2719 7302.261662326257
894 901 1419 92 1824.9248712759693
894 902 3238 1942 5523.495388880115
895 935 5090 3225 5374.656333372986
895 937 9294 4820 3568.2034869653808
895 902 9041 2209 9857.306781690671
896 897 6163 618 2692.367790213934
897 898 6610 2343 5295.786863466011
898 899 5261 5075 8649.39301342454
901 903 8579 4352 9726.924820347595
902 903 8687 8547 14223.839163201626
902 940 717 502 398.6948412286709
903 905 9968 6542 7838.212005566144
903 942 3511 2163 974.8263289645713
904 906 2278 860 1500.1108704690682
904 907 619 407 631.8412252338446
905 906 368 143 238.0626425305184
905 908 1029 746 1268.2270756008586
906 909 9435 927 9432.648427131393
906 910 7979 3007 5536.127214206399
907 909 6638 5770 8222.729298433696
908 942 2652 1085 1724.7117025060274
908 910 8489 6728 10978.900183567732
908 945 1710 544 306.39016099331155
909 920 3734 1903 5950.845683652123
909 924 855 661 880.7683683503539
910 947 9553 2331 6756.692279367867
910 924 6475 6395 5767.9718524637865
911 912 5603 3578 6861.88391066403
911 916 2591 1415 2273.4427568832402
911 919 6713 6579 10123.784403425414
911 920 869 751 1014.8093897114609
912 922 6332 3601 8646.955520607746
913 914 16 5 4.964819998135637
913 915 816 635 308.31481433796546
913 931 7631 5912 7326.821848816192
915 929 9877 6832 7157.206065720451
915 930 8793 6712 10621.527902806156
917 918 1831 767 1645.7141779526994
917 1065 2844 253 2846.0758010734967
918 1052 8998 7695 4148.527226130832
918 1057 7658 2936 13949.683160208559
919 923 732 183 964.6350763205501
919 922 9075 5206 10535.785152754972
920 923 3945 3176 1412.0858993895674
920 925 701 306 423.13075795922856
921 922 747 609 1306.3926656098827
921 926 2648 1967 2127.161863966095
921 927 9258 4446 16249.91149620238
923 928 7711 6097 5517.709233958841
924 925 9254 8496 7723.903277338058
924 954 843 549 1208.0293337174821
925 928 2500 699 2492.204690726256
925 958 3424 19 3424.144344353699
927 931 3305 640 3142.288447707088
927 932 700 61 861.7070285334643
928 959 9833 6226 10493.813694924298
928 960 9344 6497 12318.962672472277
929 1122 6787 5031 4971.012364538142
929 1123 3183 740 3548.819325621783
930 933 5839 2094 4573.290898067916
930 1125 394 131 382.55952506893624
930 934 4448 1156 4473.733211738018
932 961 5438 1357 5443.777874534105
932 963 8906 7515 10105.209680488664
934 934 1373 131 766.3262765412142
935 936 3226 2081 3602.789399228033
936 938 7753 4335 10252.735052238206
936 937 6742 4570 6018.49901498973
936 949 8032 4164 5961.167101233309
937 940 9705 955 14985.281823352212
937 941 5074 327 5070.686796031433
938 939 4229 8 364.01406198291943
939 949 5082 4595 2977.828136795305
939 950 4043 1905 2998.6535365419404
940 943 9033 7621 10899.404735357675
940 944 7690 1864 9686.64491878252
941 949 1071 959 446.9998752039941
941 944 2815 2005 2102.4137955636584
941 952 9754 5203 6167.007773128854
942 943 8604 3889 8422.822269426479
943 945 4136 2282 5672.845744912035
943 946 3545 1981 2976.153020972048
944 946 9323 7875 989.3780454770947
944 955 7269 3624 9055.52649385522
945 947 5586 1508 6466.371185024036
946 953 9051 198 9050.846153865274
946 1056 9816 1863 10509.17279316527
947 953 4120 1652 2711.9303782849133
947 954 5450 3866 779.6077397338547
948 1019 6918 3399 3649.0905892917594
948 950 7463 2542 10638.810207505561
949 951 424 261 403.6940019332624
950 951 215 195 227.41510966133373
950 1053 6201 5788 8559.796888141718
951 1052 6547 1617 6531.676585659249
952 1052 7775 1031 7598.5468856472435
952 955 3875 1106 1479.2802034760782
953 954 6345 1371 6338.625715050871
954 958 3535 524 3583.5440948455794
955 1058 4885 3115 1758.579860707552
956 957 8481 7438 2704.33273723845
957 1029 6277 521 6569.897225411461
958 960 2629 2073 2034.221446174285
958 1999 6424 5015 5344.019237607044
959 961 5237 4100 5914.931930410141
959 962 4083 240 2371.6577868896843
960 970 3178 1508 3736.6266516743494
961 964 8667 6737 7924.870984584458
961 965 2357 992 2221.4751095395422
962 968 540 210 356.50140028521463
962 969 5750 3497 2002.4830449058081
963 1125 9344 665 12202.19528343313
963 965 9722 821 9729.166582240661
963 1151 6746 479 5886.854544658265
964 966 3231 422 3246.0057010434875
964 967 9969 6745 13861.429919807184
964 971 8322 6165 8141.232843185367
965 1154 5409 1306 5379.341400643889
965 967 357 170 466.0677215656871
966 973 555 13 555.0819823243977
966 975 7438 4647 1657.0943534462206
966 976 1353 630 1147.4461361375734
967 1154 5576 321 5574.764446651259
967 1157 7941 474 10693.403614163477
970 1066 250 228 231.94570373378204
970 1067 5618 4863 5625.821392812915
971 972 5403 1897 10105.401524070969
972 973 3052 2303 2389.370003819722
973 974 6138 2762 6669.271518939991
974 1066 9975 8902 13047.619556083353
974 1070 4472 1575 3105.2734219358513
974 1071 9660 4016 15054.781009071303
975 1070 7084 4950 4592.259984255664
975 1073 9812 4799 13027.795691725485
975 1075 3187 246 3189.0377762699986
976 1157 2863 2019 1372.9660352183391
976 1168 358 267 169.01689007145194
976 1073 9579 1096 9605.014459509357
978 980 7811 6721 11999.78177315813
979 983 2181 716 348.0768189909277
979 984 4806 4328 4027.5913206063105
980 983 5047 3485 5443.941494629754
980 985 1876 447 1871.2169912650845
981 982 1596 265 1249.1958210484013
981 1004 515 97 219.8640986412514
981 987 4295 1210 2522.4785521189965
982 986 52 22 61.68740203001682
982 987 2674 2579 2518.074918292689
983 985 7895 7849 2977.1301452785137
984 988 6590 1800 5718.235607032732
984 985 6324 5532 7241.888885178815
984 997 7295 2958 11329.280954360418
985 993 2256 1087 1403.1842174477915
985 994 9208 8917 5307.958315700122
986 995 1689 692 1675.686055195578
986 993 8363 1182 8350.226418337397
987 1005 1789 778 1236.8658132129574
987 995 6250 2721 4577.153344909383
988 989 7965 2692 7506.410396727142
989 992 7724 6693 5926.590552910287
990 991 6513 3227 6006.8487395895445
991 998 347 284 130.8926693711994
992 1027 9348 8478 13082.54914681534
993 996 9468 3665 13793.676674552089
994 1002 9171 6865 9205.643642984845
995 1010 2211 2106 1247.0847550876274
996 1003 1766 9 1544.177249437026
996 1020 4197 4101 4242.574284633623
998 999 3874 3405 2526.8112869221454
1000 1001 5211 3158 3487.8581664735602
1002 1032 5873 2794 3153.071774202015
1005 1006 226 22 225.62098106234782
1006 1007 8851 3908 6736.8246841669115
1006 1010 4377 1221 3093.8170837957337
1007 1012 6936 2716 6691.080387253958
1008 1009 3322 2279 2553.8863219589575
1010 1011 428 125 184.8467740658343
1011 1012 6951 3284 6227.861802848521
1011 1013 365 20 257.9729811394155
1012 1014 8454 3158 9281.767250266581
1012 1015 4275 2130 5540.471597222954
1013 1020 5715 2768 3935.534497714082
1013 1015 3689 1776 3204.539335174764
1014 1016 405 400 659.5449624743853
1014 1017 7159 6327 5981.945152930831
1015 1025 4402 889 7330.0771388566245
1015 1022 4174 3612 3324.786494411147
1016 1018 3028 2261 3528.2573686772316
1016 1043 7561 822 7580.01703185817
1017 1025 8204 1544 9846.04067819926
1017 1043 7297 5057 12079.302208667457
1017 1040 3900 3738 3994.5883046097174
1018 1019 9149 6940 11314.694047703548
1018 1023 3013 730 4953.050878024065
1020 1021 8002 1486 6805.2780308780175
1021 1022 7222 4512 7998.719974871489
1021 1038 7954 2498 10907.825066306814
1021 1039 684 39 683.3858804131286
1022 1026 2069 1387 619.1281217835036
1023 1024 2309 925 3359.113753920562
1024 1060 802 106 786.2319863839422
1024 1044 8104 3101 7084.4892963049215
1025 1040 8601 4049 9862.341017577326
1026 1039 9693 9043 6915.595474740821
1026 1041 3589 1168 3365.5348348202365
1027 1028 6119 2002 387.4085741282485
1028 1033 3124 1529 4465.896837376425
1028 1036 2096 1318 2511.3859307455728
1030 1031 5535 4871 6406.420287686127
1032 1034 2732 2058 3572.662157421758
1032 1050 7613 7265 13417.331318947112
1033 1034 6730 2251 6180.902315822517
1033 1035 9210 5729 15187.772468955925
1034 1981 3355 970 547.3442026764417
1035 1036 7760 5617 8880.668877689406
1035 1037 7054 1869 6188.846067682858
1038 1038 782 697 1158.2859411677503
1039 1049 6190 4516 3533.715046443209
1040 1046 4566 3614 4532.696381894552
1040 1047 6669 6446 8261.661202525407
1040 1286 1176 1151 1257.0877065623877
1041 1042 1539 1408 1653.5797554989542
1041 1045 1894 801 1995.3517425486077
1043 1044 2448 208 2441.005990047276
1044 1060 4083 2355 3693.0192242461408
1044 1087 246 105 276.05003688189015
1044 1088 4952 2233 2372.8446121503
1045 1045 2331 139 2330.9971657803603
1046 1048 4498 888 4510.576755997821
1047 1048 886 38 586.4472126832175
1047 1051 1152 1011 1130.8555259505597
1048 1091 899 426 863.9664126908837
1050 1986 7246 6767 8381.428823089009
1050 1991 5270 5092 5338.870244820032
1052 1055 3036 775 2204.1018314357702
1053 1054 5999 3561 5707.4771600619215
1054 1059 2564 1915 2754.9576470939605
1054 1060 145 142 230.96245784014206
1055 1059 4413 1691 4493.482946584185
1055 1062 6924 5584 3866.658472646816
1056 1057 4934 1210 5440.390728507316
1056 1058 1931 682 2149.913420093687
1057 1058 3057 253 3326.8594354307556
1059 1061 9389 2198 8583.359406370286
1060 1061 8140 6464 4812.9178405939865
1062 1087 8257 3880 10055.47740731548
1063 1064 8992 6507 11005.244504656639
1063 1089 6479 2378 10133.971275948845
1065 1077 6279 656 1517.901685815301
1065 1078 2451 872 2936.31723332166
1066 1068 2484 584 1539.3961297719568
1066 1067 2974 2554 2639.3796413508094
1067 1069 1935 1486 3247.8176883363417
1069 1084 2465 789 1261.6441055627179
1069 1085 8547 7598 4225.328960370952
1070 1072 3320 3061 3416.6091515084863
1071 1074 8145 6001 9991.756529156162
1071 1086 9703 2763 5826.843230550746
1072 1076 5398 1642 1803.4446977823238
1072 1074 157 156 213.1648292995479
1073 1297 5343 2064 5594.096920157311
1073 1308 1757 653 2617.12321821065
1074 1075 8967 5016 12972.093828944522
1077 1079 7979 5457 11657.865088913597
1077 1080 8441 6291 5756.691338893808
1077 1081 5624 470 2543.0719318328584
1079 1999 4859 3421 6167.252875839988
1079 2245 7428 246 7428.857091557488
1080 1082 2695 1202 1891.7142020592582
1080 1083 8682 2215 8607.723374280587
1081 1090 5145 661 5135.642948069928
1081 1083 6025 5460 10601.213814958808
1082 1101 3909 2767 4112.635093213614
1082 1085 6756 5904 9203.708132593505
1083 1102 50 22 28.25756585626038
1084 1085 5015 2142 5984.84873843606
1084 1086 6857 1438 6847.881110842783
1085 1103 1085 950 581.3547748791626
1086 1107 1440 546 2761.581408861884
1087 1089 5716 3767 5743.662921633543
1088 1089 4114 176 3765.5844987810924
1088 1092 7790 7646 4802.445839819096
1089 1093 7101 605 9117.215454090929
1091 1092 2334 2167 2086.3960949106418
1091 1990 5997 2074 5281.774707228845
1092 1094 4838 2862 4958.936804990842
1092 1095 6868 1755 8797.666184441632
1093 1095 8702 1306 7800.188991764322
1093 2000 8344 5212 11548.795751916736
1094 1991 1032 1005 344.1284463561834
1094 1097 9485 2707 9597.187385312456
1095 1098 3417 2191 3086.2296368782627
1096 1097 6874 4468 10906.52351686756
1096 1284 7204 814 7206.407155904665
1096 2000 9792 5114 3101.7542262265647
1099 1100 6018 5618 3798.334618389784
1099 1111 2634 2204 2234.1202280833895
1099 2003 1759 936 1692.3051610471773
1101 1102 1682 381 1936.3856757395693
1101 1103 358 82 186.51052494135055
1101 1104 6068 5919 4739.965877378135
1102 1109 4082 1403 2278.687570833668
1103 1105 5535 4749 3882.3969445303724
1103 1106 2151 346 2147.3034145228958
1104 1110 6059 3526 7518.093463572489
1104 1112 5310 2153 6232.055580817263
1105 1106 2505 2362 3097.4305645209674
1106 1113 2990 1426 3410.1996457646533
1107 1308 9285 6699 9779.640735734873
1107 1339 396 21 243.8657473422346
1107 1345 1177 107 1001.9105910102626
1107 1347 2791 1187 4465.829451695792
1108 1109 8509 6800 7717.364405879994
1108 1111 3593 516 3589.1606930651037
1112 2006 4230 47 4230.139913260229
1112 1113 9646 7739 11708.152214401995
1112 2010 1792 1693 1032.8999944142083
1113 2009 7571 5758 7713.59050525899
1113 2011 9427 7844 7627.117685865373
1115 1117 1867 643 2516.4218665891294
1116 1123 229 12 210.18737867011674
1116 1121 754 107 754.1956097126919
1116 1127 4030 2509 3778.9053424702256
1117 1120 3198 2180 3325.17644532081
1117 1121 5656 2284 10829.917400886337
1118 1119 952 783 723.0242594878877
1119 1299 3346 2429 4321.607076311045
1119 1308 6970 6279 13059.131729281822
1119 1338 7176 7125 1306.7280339650413
1121 1128 5402 2789 6431.126734276902
1121 1131 8288 1939 8555.92949489577
1121 1137 9454 3239 12943.318406312852
1121 1138 9912 7921 9625.154126827041
1123 1124 3528 668 3714.209073829414
1124 1125 6991 6439 11221.67319037773
1124 1152 4136 44 4135.71054320042
1126 1127 3417 3099 4468.666833725736
1126 1128 6076 1615 2449.745420903936
1126 1129 2156 1269 3932.4814381221004
1126 1152 3555 2906 282.7377933115094
1127 1377 7149 2970 5482.616817768595
1128 1130 6826 624 5511.190585821965
1129 1130 5236 1240 4375.739259350254
1129 1160 9360 7515 7316.667326999216
1130 1141 2113 626 2157.5699774534996
1130 1161 6966 4067 12652.112361952784
1131 1139 5391 762 6825.3552691239875
1132 1133 2060 738 2131.84411788983
1132 1134 6359 3897 6327.805427389861
1133 1136 1558 726 1004.0390344722055
1133 1215 3501 1738 3919.9835263804607
1134 1199 4158 826 4205.388364090502
1134 1206 9825 5359 3986.278893306813
1135 1136 8108 7674 7365.080114082324
1135 1140 7351 3720 11612.650862219904
1136 1140 2716 1522 2287.7589821979004
1136 1147 7964 3204 8204.7519060431
1137 1139 4180 2899 4570.187271233765
1137 1138 7843 157 11761.768750440231
1138 1141 8632 2228 8966.867021051581
1139 1140 1619 1069 1177.1874336540989
1139 1142 729 132 764.2124838840798
1140 1143 6612 1724 6853.944790470234
1141 1145 5562 1245 5547.309669131455
1142 1143 8123 634 10220.515168538668
1142 1144 4593 3122 2212.798247196381
1143 1146 4532 4011 4354.951036002271
1143 1147 3273 1965 3610.6579679551855
1144 1146 9380 2857 16882.965806294753
1144 1145 9875 5145 11400.522057658667
1145 1177 7523 1334 11697.80043320607
1145 1167 7877 1765 9492.339840349034
1146 1148 3000 1832 3801.2081345936986
1146 1149 4400 742 4086.558930803472
1147 1150 8715 8323 5391.662962843799
1147 1149 156 15 179.41467892494276
1148 1177 4685 1160 4733.244827350667
1148 1178 860 607 811.2142104776237
1148 1179 6356 3245 7161.479343547915
1149 1180 5205 457 5202.964863776596
1149 1181 5080 4978 4778.214176356785
1151 1155 3101 486 3101.6560394055714
1151 1152 3078 663 3053.2123868485714
1151 1158 2634 1894 1754.049106578712
1152 1153 4926 103 4765.45418887052
1153 1158 9297 6508 9412.760461961183
1153 1160 1035 388 1184.3832487465177
1153 1162 6559 5338 9749.083778774533
1154 1155 6687 5105 4244.626835019572
1155 1156 2130 1615 1336.7385669658574
1156 1157 4777 2982 5227.612227515068
1156 1159 8798 1063 9500.730592361018
1156 1168 6107 1887 3923.2484940196114
1158 1159 2424 1242 3283.0741072303163
1159 1162 4923 1703 5026.611495412685
1160 1163 3472 2425 4489.4277960869495
1160 1164 9092 3648 2223.2235989625756
1161 1163 9583 89 9713.062853448133
1161 1166 7160 1069 11957.820748851258
1161 1167 5079 1244 5071.1292561958935
1162 1164 9572 3746 8955.651771155999
1162 1170 5011 3917 7382.199603476514
1163 1165 1963 880 2478.914907483291
1164 1165 2462 318 2442.3075122947275
1164 1171 9936 4083 10112.598561582343
1165 1166 7317 283 7960.512516906982
1165 1172 9591 9044 2486.5425940216837
1166 1173 5828 5689 2984.863971262698
1167 1177 462 111 473.4283211341693
1168 1169 7447 1538 5274.249633266583
1169 1297 1815 1137 2038.7052346895891
1169 1174 7168 4720 6888.415331897116
1170 1171 8725 6246 7161.609024975988
1170 1174 1597 288 1732.7334675060733
1171 1172 5367 4437 7612.489438017538
1171 1175 115 98 102.0057094884039
1172 1173 9552 4836 7695.985491875793
1172 1176 4851 4560 9012.149951596464
1173 1301 2154 775 2128.6592730965253
1174 1300 2519 987 3017.853735500376
1175 1300 3680 3255 1411.0184372647238
1175 1303 6214 3676 7254.182420152007
1175 1176 8865 4167 8969.396210103754
1176 1301 5725 5195 6604.018673639557
1176 1304 3338 835 3313.319863750257
1177 1178 1144 1109 1458.3049570722953
1178 1182 6426 2882 11758.083482545671
1178 1183 9052 4265 13161.712289481524
1178 1184 7508 4081 10902.97596496507
1179 1181 7403 6978 7848.656673501311
1179 1182 3123 2743 1509.4881886620306
1179 1185 7991 6044 8861.92895140896
1182 1186 91 8 139.6562884172036
1182 1187 5886 3208 5435.95548150251
1183 1184 4341 3952 4733.911011656369
1183 1188 1636 1108 1428.3565128559521
1184 1186 2191 2172 3364.848399665405
1184 1189 3501 2874 4623.8135818590035
1185 1239 2800 1084 2633.125503093203
1185 1187 1817 108 1811.1791873204354
1186 1189 1583 319 1581.4915699015075
1186 1190 9293 8740 6317.274986959746
1187 1240 3426 2960 3362.0735370312786
1187 1190 315 45 366.17671441406685
1188 1192 2925 2372 487.1610840196887
1188 1193 1887 210 1885.6362607086435
1189 1191 8872 5606 13449.535632242712
1189 1192 8687 4588 5870.347107106309
1190 1243 8153 1210 8134.182889246372
1190 1195 8298 2753 9552.154221881845
1191 1194 6935 4592 881.5979426540533
1191 1195 6530 4964 2843.3371597513333
1192 1194 3450 487 3441.925352992714
1192 1196 3386 3272 5481.856933837194
1193 1196 6194 1133 5253.44320462672
1193 1318 1467 980 2320.3660945864845
1194 1197 3135 1170 4991.580694449738
1195 1197 5333 3743 8355.013383188274
1196 1322 9765 9667 2498.9172179579227
1196 1323 9194 5346 7951.498316242771
1197 1374 3147 1227 4350.073609795995
1198 1199 3168 899 2473.8627712701614
1199 1206 7118 4201 5414.488488671541
1200 1202 3334 979 3771.889768622245
1201 1206 376 126 365.20633662154006
1201 1214 3075 1554 2864.306159210348
1201 1215 9119 2960 9299.630652980544
1202 1203 9757 4753 8538.682357561092
1202 1204 4378 4158 4891.682301701832
1203 1205 1561 9 1491.333857125056
1204 1207 4527 4172 6285.264338501036
1204 1216 5426 960 1241.3541204139524
1205 1208 2230 1019 928.4877328380533
1205 1207 8411 3251 5227.4326944259565
1207 1210 8673 2190 7739.09720574384
1207 1209 6112 3901 6148.426967814868
1209 1211 3774 1571 4000.846092729737
1210 1211 972 560 831.9685968593627
1210 1212 3764 205 3763.3834112070494
1210 1216 8162 7779 9390.383268125714
1211 1213 2110 1884 2084.9243466244247
1212 1217 2339 2143 1435.0591224581387
1212 1213 8573 3478 10088.051204257914
1212 1220 4160 3467 3293.403174871522
1213 1221 8505 1410 5657.0245691456075
1213 1222 2956 1668 1879.6609165975767
1214 1216 9336 5781 2845.385067577954
1214 1217 8501 4038 7727.793179724562
1214 1218 9719 9580 8947.801989606643
1215 1218 9236 923 16014.898880444407
1217 1219 3914 441 4738.837939069203
1218 1237 7713 4369 6500.818410935924
1218 1241 6083 5543 2213.4504421875286
1219 1223 1101 713 1856.0729279979341
1219 1224 3864 561 2763.579941819248
1220 1224 8467 3170 10727.91775723222
1220 1222 4822 1237 4771.839592896831
1222 1226 332 127 454.0660284178393
1223 1225 1703 554 2087.2925424519817
1223 1237 8874 1101 8868.151527550623
1224 1225 1694 1435 1894.3112881505333
1224 1226 9326 6306 11565.91684700552
1225 1248 604 536 117.65948334084982
1225 1238 3120 1811 1956.7326416305912
1226 1249 6174 1900 8117.2068794832985
1226 1248 8508 773 8695.393617416888
1227 1228 4282 447 3437.255757819225
1229 1230 7367 4246 7049.346075476961
1229 1236 6990 519 12330.42502669082
1229 1274 5502 4683 8009.084307040484
1231 1232 1595 257 1744.275733094433
1231 1233 1258 753 1743.0267383487724
1231 1234 3535 2907 4071.001649991426
1231 1235 8247 5334 9352.846892039472
1234 1267 8358 7406 8787.030829966228
1234 1236 1136 795 1393.1171597383957
1235 1265 140 41 107.40293037173753
1235 1266 2042 886 4042.2531001478173
1235 1267 6269 3756 8049.07847772685
1237 1238 4036 366 4041.660152967495
1238 1245 6090 4532 5260.87216184805
1239 1240 9552 9046 8420.66673992793
1239 1242 3207 191 3239.7733322815707
1240 1243 3673 1191 3141.4286234552565
1241 1242 7109 3099 9614.325881017538
1241 1244 5328 2085 7203.225020132928
1241 1245 8407 2990 11071.97219803526
1242 1244 6007 4951 4376.036278901823
1243 1247 5288 3884 3753.0830226500125
1243 1257 1796 318 1953.437910054134
1244 1246 4966 2825 5807.135151599929
1244 1247 4335 2581 5168.53243362397
1245 1252 8317 1969 11996.805425802908
1245 1254 3248 2804 4413.870858889753
1246 1253 1404 678 556.7759776876056
1246 1264 8475 6380 8448.29604407919
1247 1258 9906 4627 12113.830505320402
1248 1250 9661 109 9661.470295852208
1249 1250 7878 2900 5632.201918975087
1249 1251 1264 70 1239.9002651144995
1250 1252 6045 581 5156.377006408848
1252 1255 783 539 494.86157553680334
1253 1256 1542 662 1550.9034517395396
1253 1260 536 152 494.96391768357836
1254 1256 5776 4462 7513.614882189813
1254 1270 8066 5019 3900.358527030826
1255 1266 1545 1042 1832.8263685337924
1255 1288 428 123 449.5912877908618
1256 1260 8980 1188 9316.723684378081
1257 1258 499 103 497.98058492697317
1257 1259 4480 2462 8182.313764733425
1257 1374 4392 4390 5362.938527762623
1259 1325 3721 1770 3539.2798551078713
1259 1376 3326 3168 2960.0352818481388
1260 1285 7281 1989 5367.799136611668
1261 1262 3974 3422 3160.4534126235476
1263 1264 1255 35 1254.9457039407057
1263 1384 1593 1307 1465.4078506508001
1264 1385 3094 1294 3642.8033371115985
1266 1271 3880 3151 725.0989892152712
1266 1272 1755 1149 1138.0261924824733
1267 1273 4920 4531 8420.206968552866
1267 1271 6484 3554 5231.37731516347
1268 1269 7441 1024 7435.955019936682
1271 1275 781 311 1267.2328403766282
1271 1278 5378 5332 3044.588317966379
1272 1282 1931 1911 3007.7375576799286
1272 1283 6829 890 1933.5894454838883
1272 1278 978 600 1174.054811310395
1273 1274 4794 916 4925.516022817439
1273 1275 6596 1881 8000.801654328351
1274 1277 1491 571 1073.8039811735039
1275 1276 4660 778 4891.968346941666
1275 1279 1183 344 1168.4557668220034
1276 1277 7226 391 10748.571216608714
1276 1281 1784 607 1833.1687633424126
1278 1279 3827 2298 1383.5547638472729
1278 1292 57 4 56.97964384698535
1279 1280 7208 3870 7967.003781652543
1279 1293 1501 400 1492.0281966406828
1280 1281 7695 5505 6908.592248572224
1280 1294 6438 504 8675.125877157934
1283 1287 7585 2698 8434.28832146623
1283 1290 5252 4266 5531.892108732751
1285 1289 2454 1462 2588.881494472637
1285 1291 3455 394 3472.9697748011813
1287 1288 7077 3788 9782.900610614708
1287 1289 3074 1788 2991.3732131923916
1289 1290 9876 1036 9863.477614746338
1289 1291 9619 1807 12275.104374432307
1290 1292 1967 728 2347.4743780508816
1291 1391 8798 1280 10958.455476393116
1292 1293 1101 308 1581.3205054784846
1293 1294 2894 364 3507.8950600101625
1293 1393 7090 5592 4354.888577813895
1294 1395 9042 1196 9032.089121454992
1295 1296 1787 1351 1767.3373268064815
1295 1397 2607 1303 2022.7230766952011
1297 1298 6579 1880 8100.642340784636
1297 1299 1092 1084 1224.068252110913
1298 1300 9846 851 9853.337765919097
1298 1309 7280 3316 6866.501945804391
1299 1311 2194 2014 1052.5756501796202
1300 1302 2054 1032 2086.965599423988
1301 1306 2842 2705 2438.9414799597052
1301 1307 1124 298 1119.0318469082385
1302 1309 6697 5211 6432.252387709909
1302 1311 1058 895 1877.0286541672817
1303 1304 6716 163 6716.553701647252
1303 1305 9941 8751 7246.9058870034905
1304 1307 4149 4082 5550.337351881151
1305 1341 2477 773 3885.6254507934273
1305 1344 239 15 239.86076953371247
1306 1314 2460 1038 3328.159791027941
1306 1326 1073 94 1088.9054867161437
1307 1317 9102 3209 8215.9971354951
1309 1310 253 219 151.9605515915439
1309 1311 7624 3301 8759.744794868082
1311 1313 1601 488 2135.1551940211248
1312 1313 7161 6410 3985.213350180037
1312 1343 6154 3382 3705.8337494022453
1314 1315 4845 644 3948.035844029659
1314 1316 1095 508 1226.6068241367554
1315 1318 2367 308 2327.9078281241177
1315 1316 167 146 100.38315629825908
1316 1319 1982 420 1826.3879118930686
1316 1320 1761 19 1626.7916653648956
1316 1321 9678 9049 7125.3900239906025
1317 1326 1552 1479 630.6060983180097
1317 1327 7887 6522 2687.5176452851197
1318 1319 243 28 119.30361914588234
1318 1322 183 121 97.934243985971
1319 1324 6632 31 6631.954535966918
1320 1326 2374 95 3350.1385446040185
1320 1330 1463 944 1980.1901009605433
1320 1329 5361 1831 5314.161016607804
1321 1330 6114 119 8316.620009044125
1321 1324 6596 4263 7504.9021491565345
1321 1332 6881 5806 1665.2843886163269
1321 1334 4074 1077 4066.6757625444457
1321 1335 2211 716 881.3056212300565
1322 1325 3880 441 3882.6125775637433
1322 1336 7578 6165 7088.389660737513
1323 1374 918 625 971.6172963083984
1323 1325 3516 1488 3653.6164775208854
1324 1332 8360 6036 9065.500881446253
1325 1375 206 48 120.39658764228018
1326 1327 9879 2291 10770.554306230977
1327 1328 6732 4169 6977.408918739378
1328 1329 3955 3337 3725.0673212485285
1328 1350 6800 5326 3761.444570563633
1329 1356 3563 550 2382.4091682087155
1330 1331 3257 2027 4982.034849752182
1332 1333 5096 3505 5566.2637765841855
1332 1336 6254 1927 10242.439914091745
1333 1337 5780 3801 6074.000958823819
1333 1335 7186 2478 8317.203187630792
1334 1357 1776 106 1775.358708495675
1334 1358 9095 5981 7519.788172380327
1335 1357 3343 963 1442.9102496482853
1336 1382 7181 5869 11456.556801940387
1337 1383 4103 1385 4500.477379647357
1337 1360 2443 770 2484.523962854249
1338 1340 2245 146 2245.381781710323
1338 1339 3440 2066 1634.0696404623768
1339 1342 9634 8019 6038.2350622977965
1339 1351 67 40 92.55040695566412
1342 1343 535 387 251.26767125426332
1342 1344 7835 4719 14111.925264118945
1344 1348 2186 21 1882.4857656520403
1344 1349 8072 5674 1168.362010730836
1345 1346 5169 976 4095.704717277068
1346 2203 880 722 255.19807838366913
1347 2209 2391 1325 1069.7519178322543
1347 2211 5050 2789 5034.059541453972
1348 1351 5486 5289 4758.254684266974
1348 2206 9574 4606 16711.57138168212
1349 1350 3069 2743 2017.1486511139997
1349 1352 664 193 1158.7288341109765
1350 1355 4748 2447 5823.000943263334
1352 1353 1354 49 690.5176223194777
1352 1354 7753 2812 9217.489285901278
1353 1366 7128 5799 2587.4393790084987
1353 1355 3484 3006 4075.975112624179
1354 2230 2405 842 3438.3932531102314
1355 1364 910 132 897.2169171536042
1356 1365 4442 1099 6384.498798644651
1357 1359 5730 4268 5581.8587488482235
1358 1362 9369 8640 6944.284257454473
1358 1363 1699 1455 488.4271467514358
1359 1360 6373 6233 829.2853847360478
1359 1361 5802 3127 4324.764825292664
1360 1412 1437 1101 1776.8983934580974
1360 1413 2363 2097 3762.526081608062
1361 1413 7806 7004 7690.188604181595
1361 1372 8383 4925 5471.240023216923
1363 1367 7314 728 6692.922530970864
1363 1371 4200 1940 4481.103122240992
1364 1365 1051 793 1235.4462183579278
1364 1366 2288 1795 2832.011449064742
1365 1367 4198 2911 1243.6194568951414
1365 1368 3702 3179 3961.9753980474034
1366 1368 1711 1383 1834.2187415472902
1367 1369 8605 1711 9462.132417148166
1367 1372 4740 1394 3281.050997448109
1368 1369 5918 4496 5042.82911062225
1368 1370 7142 5075 12365.981838314405
1369 1373 6864 3073 5854.549545130902
1370 2233 1881 233 2824.3175291049643
1370 2232 5643 2214 6456.128545394017
1371 1371 6759 5231 9688.322984193557
1372 1416 4499 2283 1721.8949269445648
1372 1425 1465 602 1413.8056422512805
1372 1426 5401 2907 5598.172516884733
1373 2233 4829 2459 5597.2984760169375
1373 2237 2054 121 2705.3950790119375
1375 1376 5758 2101 1940.3670891938984
1375 1385 3799 40 3508.2455343846127
1375 1386 5185 124 7906.284631197688
1376 1384 779 124 691.9767102980662
1378 1379 3423 1298 5347.729855721907
1380 1381 2197 417 1789.4920737056937
1380 1423 3337 800 3461.2753836195743
1382 1414 2893 2453 2661.8378837828286
1382 1417 1360 963 1111.9085851887942
1386 1420 3624 2116 5433.2744318002115
1386 1402 3742 589 2351.0084759649353
1387 1388 6305 5306 8041.162479748049
1389 1390 5507 1860 4573.213863480231
1391 1392 3183 256 2604.381843801309
1391 1393 3986 2576 3940.4485854256573
1392 1394 1703 1445 1565.5424137997143
1392 1404 4877 226 3018.5776381749315
1393 1395 2172 1330 2296.968494287255
1393 1394 784 773 1124.301299947403
1394 1396 9928 6241 16838.127241575487
1394 1398 3821 1485 3803.8549870458273
1395 1396 7752 2446 9653.183793811824
1395 1397 6612 5170 8809.71772660985
1396 1399 8088 3615 6004.679835235246
1397 1400 3142 2390 3102.074641067297
1398 1404 8925 7299 3143.3667437083504
1398 1407 1850 809 1485.8145792379908
1398 1408 8427 4786 9134.695753600266
1399 1400 4222 725 4635.489881049456
1399 1401 1584 297 1563.1612665988212
1399 1405 8379 501 8385.00743806597
1402 1403 3976 3763 5153.105073933112
1402 1428 9864 3710 9726.737990694037
1405 1406 9735 2435 12654.190189648063
1405 1407 9329 1196 9310.897985191858
1406 1409 980 405 984.8287222504953
1407 1409 5728 3389 522.5503297292893
1408 1410 717 1 717.0077880596332
1408 1411 7448 3027 7483.529083446177
1410 1434 6689 997 6717.286522872065
1410 1435 1868 929 2393.103512490678
1413 1414 4237 2616 3176.9256167243257
1413 1416 3805 3569 3109.6903078623936
1414 1415 3177 652 3173.661818927504
1416 1424 2948 1928 4707.806879713359
1417 1418 5085 752 5049.295467614843
1417 1419 3364 2833 3951.736412529789
1417 1424 7022 3048 9984.338099589142
1418 1420 418 41 565.8500468602676
1418 1421 4623 1005 4917.457658974321
1419 1421 1788 697 1111.5774908134827
1419 1427 6819 4037 6097.779135573696
1420 1422 7053 4358 7654.965774957191
1421 1429 6130 523 6133.315687517803
1421 1430 7183 3172 5862.733442528412
1422 1428 7329 3562 6472.916628916548
1422 1429 6974 2184 1047.7144759930254
1424 1432 4070 2821 6381.779325962154
1425 1426 8506 5576 5476.032656222571
1425 2289 418 58 564.5657102979959
1426 2288 26 25 11.893131618239629
1428 1433 9063 2871 9137.687434075373
1429 1430 7276 6855 5744.588347493609
1430 1431 2264 384 3714.534292626694
1431 1432 7147 5620 3085.6150307008697
1431 2288 6801 2686 7237.7641295100075
1433 1438 4489 88 4487.644769883205
1434 1436 726 235 673.5520477284654
1434 1437 9188 5710 5575.768108885448
1435 1437 9897 2314 9926.109998752001
1436 1447 1599 608 1553.633183104171
1436 1448 7552 1981 13711.067006728512
1438 1439 6106 2318 4088.9883683686317
1438 1442 2793 2427 2151.997662179327
1438 2311 7349 6441 7222.356134830004
1439 1442 823 645 659.0144597673833
1439 1444 4808 555 4811.073938429109
1439 2311 2692 1794 3268.4271976469063
1440 1441 1563 903 2168.0640873463367
1441 1456 7089 4631 6144.24571460789
1442 2291 3491 3047 4682.30668706511
1443 1444 890 457 513.11506354264
1443 1445 531 50 530.9972659491033
1443 2292 9605 6748 12494.758977420053
1444 1446 4884 1981 5431.3387402009
1445 2301 5393 4894 5318.907975079609
1445 2305 4407 362 4780.265454485301
1446 2303 9026 8920 3102.5270491427905
1446 2304 3724 2931 3724.934702434388
1447 1449 6017 424 6015.437219031232
1448 1449 5888 1130 5894.294697138463
1450 1451 3148 1339 1777.5792398031908
1450 1506 3280 854 4123.02022961123
1450 1508 4282 3600 7108.989959152409
1452 1453 2849 681 4240.326873942952
1452 1454 8319 6425 6746.753848131863
1452 1455 1190 645 1598.8712560647887
1454 1462 5217 2264 2907.998176647406
1454 1463 1717 8 1404.9274706381866
1455 1461 6703 4888 1978.000829465653
1455 1464 3132 403 3435.789887768586
1457 1458 8219 6868 9790.356954884643
1457 1465 9135 485 9134.18464834812
1457 1468 3625 2885 919.0726009923643
1458 1459 9643 6981 11628.353519504039
1458 1466 1520 385 1737.427010952138
1459 1468 2632 2151 4513.529786254995
1459 1469 6746 5812 6992.545763446832
1460 1461 4429 631 4234.277341593539
1463 1506 7020 5689 8604.890770051756
1463 1511 9147 6887 13850.733855285725
1463 1464 3456 808 3442.50740503256
1464 1515 9328 2215 9271.639669404538
1465 1474 5208 3089 3757.4636547100513
1465 1477 3243 2710 5712.333292420235
1466 1467 5034 1007 5046.980839324484
1466 1471 3158 2855 3155.2293158986354
1467 1469 2688 1576 1648.978921296347
1467 1472 3 2 1.3730827991629289
1468 1470 8078 910 7974.43827761863
1469 1470 2710 2692 1459.6355155677468
1470 1473 8835 7253 5416.992646497914
1471 1478 1438 1420 1735.1293008010603
1472 1473 258 103 233.82555882768304
1472 1478 4703 1295 4274.584397221122
1473 1474 2466 1996 1534.7073744253394
1473 1475 3496 1583 2583.769061065498
1474 1476 5289 279 5287.339194562181
1475 1476 9424 3801 14556.537554287494
1475 1479 4910 4275 4603.179788043918
1476 1477 3080 1347 2514.2381695427603
1477 1550 2478 533 2630.987454800476
1478 1479 4180 489 5029.108141574779
1479 1483 7306 2544 6542.182040980513
1480 1481 829 47 822.3822812745867
1480 1482 1518 1290 598.580405456722
1480 1488 7356 2155 3592.455795560442
1481 1551 5907 186 1778.8300844700013
1481 1556 1256 626 2065.527408454649
1482 1484 3354 890 3354.184416741454
1482 1487 4170 2516 4477.073862331646
1482 1486 6991 4428 8296.29714597791
1483 1484 6302 5585 5702.726873615636
1484 1485 9007 4603 11904.317597861298
1485 1486 3239 1490 2323.9432199155726
1486 1491 3624 9 3044.5713676554783
1487 1488 6331 4859 858.3489672286998
1487 1489 4871 2050 6318.032720094001
1488 1490 7146 908 7161.856275254455
1489 1493 944 759 692.3387406313728
1489 1492 5439 2581 8326.713623980637
1490 1556 4816 218 3342.8318711716392
1490 1568 352 157 393.32561972999645
1491 1492 6901 5027 7517.705469185522
1492 1494 1445 1247 2526.7488350658978
1493 1570 4395 23 4252.9473892195765
1493 1575 3733 2104 2834.356908268316
1494 1495 1018 412 1100.060398542841
1495 1586 4712 950 4722.7169232696115
1496 1497 6505 4641 7691.355357398162
1496 1498 5989 2316 2156.753772265351
1497 1499 1168 127 1166.387965391204
1498 1499 4397 2969 6782.877751682421
1499 1502 3862 1462 3297.5272279171886
1500 1501 2280 1504 354.6677976749094
1500 1518 3073 2404 3791.5841728461965
1504 1505 4211 1532 4224.533925241049
1506 1507 8929 5244 8411.325572728003
1507 1508 1839 419 1230.8485947455283
1507 1509 7503 2293 12029.347499972699
1508 1510 1240 2 1240.0436356616747
1509 1512 6190 3392 10360.744922377029
1509 1513 9257 2973 4367.338845098873
1510 1513 3689 742 3926.2327560422427
1510 1519 4915 4219 8322.45535668937
1511 1512 5886 1194 5910.623869967535
1511 1515 442 101 264.5372884249555
1512 1513 8773 645 8774.417556135422
1512 1514 4270 2547 2226.8054649518913
1513 1514 2996 7 1573.962856171203
1514 1517 6288 2159 6231.538125350843
1515 1516 7879 3889 12748.563595928017
1516 1552 9515 24 9515.036082970286
1517 1552 3749 1557 2609.175277298735
1517 1519 1528 116 1528.2716734686605
1518 1557 8402 4228 6182.067736944384
1518 1521 4779 213 4778.018452162522
1519 1557 4491 480 5803.6695667285385
1520 1521 9661 2267 9548.634536711066
1520 1546 1436 636 1399.9166624980317
1520 1621 6109 4778 9229.58360888288
1522 1523 2655 738 3086.5337217336437
1522 1526 4214 407 4210.967809345387
1524 1525 6978 2511 7001.928509345885
1524 1528 1573 1271 2111.1397680594037
1526 1527 9705 3589 8780.529924929297
1526 1530 9417 7564 11729.975719960072
1528 1530 9320 6288 11586.80134967682
1530 1533 9184 5482 9139.816014223537
1531 1532 7610 1009 4974.106559730259
1531 1535 3280 3188 4432.725085575581
1532 1535 8080 943 8071.471789602078
1532 1536 5076 3746 5963.909091031325
1532 1537 7691 2724 3617.716259757678
1533 1534 3813 434 4420.111508334951
1533 1535 4080 428 4029.090239163634
1536 1538 5554 885 5568.662976483242
1536 1544 178 114 248.1649244144195
1537 1539 4324 121 4326.408014145909
1537 1541 5361 4824 3387.7635247679605
1538 1541 7435 2887 8930.82922981178
1538 1543 2759 1939 2085.7905552702496
1540 1541 798 19 798.1422774886081
1544 1547 7898 3541 7733.106455620556
1544 1545 7877 7155 7442.566174505594
1545 1546 2099 1262 2296.4465622374205
1545 1547 922 884 836.4529444230221
1547 1548 3963 107 6061.64809758328
1548 1549 2315 1165 1997.4364477215365
1549 1996 7726 6717 6912.866205301161
1549 1998 3972 3203 5424.945880242191
1549 2050 6747 6448 8545.092597569368
1550 1551 9937 6867 15507.983232935587
1550 1553 450 351 258.35825228985453
1551 1559 2693 216 2687.9319220021584
1552 1554 7238 2736 11469.718657013309
1553 1554 5633 486 5641.369519029411
1553 1555 6849 1382 4620.724151449806
1555 1558 4688 2965 4037.8922795924896
1555 1560 522 127 610.4190880429268
1556 1559 6419 5086 9441.027330567098
1558 1563 7171 5925 11149.31645103243
1558 1564 9629 368 10614.215097874181
1558 1565 2224 568 2163.045896846968
1559 1560 4353 2363 4880.283079378919
1560 1561 9506 4373 5293.112813626162
1561 1562 3236 1606 5748.034349400125
1561 1569 449 200 313.6357707452488
1562 1572 3913 3698 2532.2068185581893
1562 1565 8773 5211 15214.826055859354
1562 1577 2507 238 1812.0165120447416
1563 1566 3924 3546 212.23494489182755
1564 1565 4377 822 3348.9833334088817
1564 1580 1384 687 1424.0363286158718
1564 1581 1284 657 848.8789951985023
1565 1579 2415 2223 3819.4706246584883
1566 1567 9560 637 15496.756294963938
1567 1595 7627 5079 8258.501362392359
1567 1597 6820 5832 8443.746156774523
1568 1569 2303 876 2957.3793865031994
1568 1570 5172 4408 5263.918167530291
1569 1572 369 34 469.6673090946633
1569 1573 741 722 1335.2592342008243
1570 1571 9713 2784 8467.721635040501
1571 1575 2029 448 525.3618702790645
1571 1573 9738 5909 6300.738086475365
1572 1574 903 890 1325.5285483378595
1573 1574 4239 222 4648.886500162384
1573 1576 4220 681 4226.908718588935
1574 1577 5506 841 6881.261510821678
1574 1578 1215 396 1562.846412153166
1575 1587 1997 890 2648.064917930723
1575 1586 4447 2316 2450.669923445607
1576 1578 3536 887 4921.445164258793
1576 1587 1229 589 842.7830549299117
1577 1579 2220 758 2169.6962537854997
1577 1582 5720 4111 6690.284729421512
1578 1594 5136 2872 4052.8991273320466
1579 1580 3612 1211 3543.3124861716174
1579 1583 3981 981 3979.110429261586
1580 1584 1426 411 1318.8638681947966
1580 1585 1786 212 1786.3609128471169
1581 1595 3471 1054 3469.5941936422164
1581 1585 1097 85 1524.422244222408
1582 1583 4865 4417 4224.058054092417
1582 1590 6397 5008 8949.776433633158
1583 1584 9908 803 9912.49327366694
1583 1591 4024 362 4191.104774732801
1584 1592 9283 2389 7751.9822826747
1584 1593 8892 2661 8791.475930063618
1585 1596 8467 3141 8455.34667614482
1585 1592 3055 2209 2174.3807549006647
1586 1588 6780 5602 6560.924734735916
1587 1589 2109 1534 663.0537092949141
1588 1589 6645 20 6645.394032191718
1588 1688 5643 4104 5032.065652931225
1589 1594 3968 1760 799.0715652825514
1590 1594 4497 3473 4687.587247872001
1590 1591 46 20 33.98740724548306
1590 1690 7347 7192 5791.1170119223825
1591 1593 5609 5413 1419.8627120350059
1592 1600 812 66 520.4376184639732
1592 1692 391 128 381.7882904949155
1593 1691 1483 1456 1088.339336201356
1593 1692 3524 1528 1711.7920279805824
1595 1596 9456 2847 9526.689039042845
1596 1598 1003 828 1932.4906915479905
1596 1600 6605 5403 6608.877827848777
1597 1598 3958 58 4642.460915886265
1597 1599 5484 5207 7953.113413589283
1598 1601 7427 6186 8395.61487402146
1598 1602 7985 6073 11731.796928573825
1599 1601 7875 3912 4966.874376793103
1599 1605 56 8 41.67184305042107
1600 1614 7759 7192 9678.746899272135
1600 1615 8670 3473 8515.35120561858
1601 1603 1965 70 1965.0085836824153
1601 1604 5324 2149 8172.098157986779
1602 1604 960 705 834.8027228758607
1602 1616 6731 6291 8690.98757501058
1602 1615 4234 1731 3253.484572875519
1603 1606 612 575 590.9067280107681
1603 1609 3126 1446 5064.477193236419
1603 1610 4507 3308 6731.86111787637
1604 1610 8065 5218 4829.29501535064
1604 1620 1643 479 546.1253980501745
1605 1606 1408 581 1558.3159958278761
1605 1607 3894 2148 3789.1356195747608
1606 1608 3084 2501 4543.464973475481
1607 1637 4021 1835 4094.146689404375
1607 1611 9142 2162 9102.443185401527
1609 1611 7637 4068 12741.157983071927
1609 1612 2175 929 4070.6437158274307
1609 1617 6537 3505 7461.472038697958
1610 1617 5476 2202 5760.4800530362545
1610 1619 5266 5136 7184.837728881371
1611 1638 269 86 272.42657401733396
1612 1613 3937 2769 6168.220697624289
1613 1639 4411 3561 4774.304194375652
1613 1641 2665 2558 2558.26643062048
1613 1761 3050 2517 2752.0897200827867
1614 1692 7924 1208 7950.259630537818
1614 1696 5418 1732 5004.628953674694
1615 1696 1293 461 544.7255890870322
1616 1696 2764 878 2789.145132600454
1616 1703 9873 1757 7526.27183641094
1616 1620 6858 4566 1479.3513396379765
1617 1618 7059 1118 1451.7463590150683
1618 1619 683 423 1075.5538218756833
1618 1706 8116 2277 10373.693659576355
1618 1711 4274 2242 7371.422898505481
1619 1620 1765 109 1274.25471041996
1619 1705 7029 3274 6664.113749153641
1620 1704 6628 3206 2471.4803325525336
1621 1622 1181 425 663.4855085362018
1622 1623 1168 701 126.6337078232192
1623 1637 358 136 234.22619069034243
1623 1643 9925 5791 9013.43428470203
1623 1649 5767 3821 8587.483581605964
1624 1625 5588 1768 4918.994693128019
1624 1629 6589 6361 10429.853890829547
1624 1626 6451 3608 5501.036137251316
1626 1627 627 340 323.20921223765777
1627 1628 8635 2226 10310.93303414365
1628 2050 3903 2233 2820.809968709797
1629 1634 4489 3883 5570.197644341959
1630 1631 8956 1397 8960.030754019484
1630 2064 2474 43 2162.1955213292626
1630 2073 9477 1836 13855.466706317404
1631 2053 5775 2481 4724.203005090369
1631 2069 3871 1138 4441.619293196417
1632 1633 9467 5557 9196.462163350046
1632 1647 9901 7330 17080.045744681698
1632 1662 3457 463 4906.115973222956
1634 1662 6804 3072 6246.640553847934
1634 1635 8512 1390 9418.39633954637
1635 1636 4423 207 7471.445914746465
1635 1663 1827 186 1894.9967776232493
1637 1642 5332 1218 5339.828766736877
1638 1639 8125 716 1758.207290279934
1639 1640 9671 9547 4436.404073573813
1641 1642 6276 3708 8980.812887656532
1641 1654 813 232 1454.6093949305957
1643 1644 3872 1352 905.5888935589619
1643 1645 2076 950 2154.857900492021
1644 1646 8167 2778 7342.150848100466
1644 1647 4884 3942 7080.477144952219
1645 1649 1975 143 1159.5957820030296
1645 1646 2899 1939 3984.3238019349756
1646 1648 6685 4902 2929.0144792740093
1647 1648 756 60 773.8719174313765
1648 1651 3688 2665 6838.72005622658
1648 1652 2011 159 1647.5098007673457
1648 1653 2689 1779 3786.5154151278352
1648 1658 3289 793 2826.9641966343556
1649 1650 1985 1319 2297.7891314991775
1650 1655 8207 5769 7143.133416705066
1650 1658 6335 2750 5530.19084856624
1650 1659 2959 2119 2075.9469666311697
1651 1662 6050 2164 6198.847393683111
1651 1666 9824 188 9827.110678273528
1651 1652 1995 41 1995.135428495841
1652 1681 6464 36 9572.82916574991
1652 1682 6214 5869 8682.399720952697
1653 1661 8956 4095 10600.812653938776
1653 1682 279 157 445.4271861745913
1653 1767 5545 4919 5983.632031453118
1654 1655 5408 2398 5055.057325637566
1654 1759 8031 643 8318.073076040571
1656 1657 4889 1476 5882.1193369375915
1658 1660 6572 4966 6341.94853064007
1659 1660 4102 2708 4667.982952075646
1659 1765 160 51 160.38038140503787
1660 1661 7225 3382 9330.509771141838
1661 1765 8109 2775 10718.495815152419
1663 1664 4336 3217 2031.3578034653942
1663 1665 1355 1251 2148.8615160001373
1663 1666 8627 3662 8064.6259024856345
1664 1667 9960 4632 5926.348769394416
1664 1669 76 47 47.82254724677479
1664 1670 3252 200 3253.03942430105
1665 1671 5719 2184 1292.0969116919412
1665 1669 9391 1308 9396.290580903134
1666 1667 7565 2647 4886.054574966091
1667 1668 3503 21 2812.0437719342576
1667 1681 24 11 19.75955326718335
1668 1683 6425 2376 7107.636848398652
1668 1795 8436 5503 7844.042697604807
1668 1670 9040 5913 2376.4974692600827
1669 1674 3862 3138 3587.7983199553296
1669 1678 8176 122 8177.978473491211
1670 1678 8079 7273 6109.58052154127
1671 1672 5466 645 6654.30706600706
1671 1673 9413 5805 11461.681599937996
1671 1674 2889 2252 2802.0476820273543
1673 1675 5395 5197 2501.2225968774674
1673 1676 1813 682 1842.4145960171345
1674 1677 5388 1346 5863.034593241939
1674 1679 9096 1626 9190.37176059879
1675 1677 9461 3918 9415.882999530853
1675 1680 4925 4788 5760.948823870537
1676 2051 2252 911 2134.743918794786
1677 1680 3311 894 5471.631373948435
1677 1684 4103 1915 3028.8173936569137
1678 1679 5615 2663 2377.800784354637
1678 1800 2567 1548 2781.8883198469534
1679 1804 3556 701 3074.208689867498
1680 2083 9163 675 9148.032449455986
1680 2084 4848 276 4841.6946180287705
1681 1683 4534 2762 4459.632074191643
1682 1683 1712 1498 2386.9676594004864
1682 1796 642 251 410.52224426514215
1683 1798 887 751 1219.14208803591
1684 1685 8453 4900 9041.350058827315
1684 1686 6529 3640 9249.544384892994
1685 1687 7372 3415 10454.97568374215
1685 1807 2463 202 4116.791524457321
1686 2084 2511 316 2859.8573893212815
1686 2097 431 424 261.6237991314096
1686 2098 9113 8527 8657.273864065293
1687 1810 5728 3807 6856.796828963323
1687 2097 478 142 473.76999325718873
1688 1689 6001 4120 4182.950053747792
1689 1690 6038 5230 2022.1383651606332
1689 1695 979 715 1835.5820648243819
1690 1691 4595 2754 6207.854810457174
1690 1693 8830 5770 9874.229060245638
1691 1694 7547 2794 7153.439750453583
1693 1694 2884 2490 1662.5447266108736
1693 1695 3438 1268 3678.8429050421155
1694 1696 7355 3360 4987.578088069528
1694 1697 6424 722 6428.745847408329
1695 1698 4980 4433 5715.464580818032
1695 1699 4785 1038 4239.812353296323
1696 1702 442 261 853.9177749985162
1697 1702 7076 404 7015.04275095119
1697 1713 9772 4578 9993.825711229185
1698 1699 5273 1905 6558.237179222773
1698 1700 8174 5054 7160.1581636137025
1699 1701 3328 1802 1043.5682788587455
1700 1713 4428 3198 4186.022898541271
1700 1714 6622 5705 5421.591085201479
1701 1717 1729 648 1938.3473541728683
1701 1725 755 521 771.1957360938142
1702 1703 1861 201 1864.204109570203
1703 1704 9602 2244 11483.932582850743
1704 1705 837 451 1122.7699893960514
1704 1710 4230 2585 2173.8276707505474
1705 1711 2882 784 2931.239166765256
1706 1707 9040 5603 7935.314505745246
1707 1708 735 339 1262.8308286452484
1707 1709 5084 674 5032.874785590118
1709 1730 4747 2319 6163.1710281969745
1710 1715 5415 3085 5213.670065552013
1710 1728 3272 1505 3113.9858764461283
1710 1719 571 276 875.7966982144402
1711 1712 7703 7452 6251.313844225903
1712 1728 3383 2973 6556.733440418795
1712 1730 354 52 353.1788920924752
1713 1715 9192 2255 9217.900763106414
1714 1716 8838 674 8839.583404824447
1714 1717 1209 20 1208.977919795563
1715 1718 4494 4378 2444.647358479666
1716 1718 3913 2958 5278.4347303854565
1716 1720 5942 3145 7552.229161762075
1716 1721 7001 6783 12488.245303011092
1717 1722 2889 387 3120.2764598968065
1718 1719 3935 1437 2969.5803354598665
1719 1721 3414 3008 145.63595055219395
1720 1722 4520 3980 4881.819031550745
1720 1723 4996 4883 6472.283635995318
1721 1723 9620 7710 14022.399644138497
1722 1724 2608 613 2564.764354674407
1722 1726 3752 2225 4891.061446468192
1723 1724 1987 1789 1629.2888944829904
1724 1727 4397 347 2226.2201287427943
1724 1737 1437 659 2418.5117115857483
1725 1726 1226 569 1946.2800980929178
1725 1740 1790 1723 1187.5134230614376
1726 1727 1899 3 2462.1489797654344
1727 1741 8218 1581 14331.472157651353
1728 1729 545 251 544.3063553422306
1729 1737 6293 4266 5471.090489704503
1729 1734 3213 2568 4428.957110067432
1729 1738 2267 1803 2404.5195411230243
1730 1731 4976 2178 3386.243340819891
1730 1732 3163 2298 5757.340883670193
1731 1733 8887 1429 7385.430736533658
1731 1734 5804 4363 2676.022588702472
1732 1776 1784 202 884.8182852131376
1732 1736 3964 3097 1847.3207898115695
1732 1777 9659 4287 12888.685858147022
1733 1735 7509 6322 2607.982140810304
1733 1736 763 199 761.6925918631578
1734 1735 5053 3178 6020.083920634821
1734 1744 2412 1764 2215.548217966806
1735 1739 5980 1379 6115.007255423928
1736 1778 8166 169 2615.0009146511948
1736 1739 4842 3677 1787.6482399776548
1738 1744 9089 8665 2649.1892954103487
1738 1745 8160 3691 10605.219786988184
1739 1780 5426 2701 5285.29248560262
1739 1746 8588 8052 7545.319952346003
1740 1743 8897 6618 15439.001774880728
1741 1742 3743 848 3852.1972871502758
1741 1745 1618 855 1569.6255977837754
1743 1751 4569 436 4572.811992936061
1744 1746 7040 5147 4217.6162089260515
1745 1747 6186 2774 2747.135188678372
1745 1748 2832 1518 3168.4477055005605
1746 1749 6226 80 5965.560529860144
1747 1749 5887 4651 6430.506097442567
1747 1750 8708 6477 8738.058067256463
1747 1754 4158 367 4162.1638060193845
1749 1840 6286 7 8806.760848831003
1749 1842 4186 1101 4231.871328122347
1750 1755 4835 4498 7744.487610912402
1750 1842 4658 4385 3809.3017908427573
1751 1753 9215 7115 8165.316259577021
1752 1753 4097 14 2452.423739352628
1752 1754 4059 2860 3578.4751337663697
1752 1757 3319 1297 1604.3376377232141
1752 1758 2527 101 2528.5592998060947
1755 1756 5263 1018 2117.9826117728985
1755 1852 9125 2524 8993.916985038231
1758 1890 8315 7361 1492.0454759090685
1759 1762 2876 395 2888.701842936762
1760 1761 2219 298 677.5469349712847
1760 1762 4400 1486 2455.0492038303228
1760 1776 7847 3614 5187.493303346282
1762 1763 2075 1527 118.10700337208777
1762 1764 198 40 223.02933452968034
1764 1781 4387 963 3740.243918128284
1765 1766 4305 3743 2600.125852586555
1766 1767 9455 5615 2307.0763543530747
1766 1770 4692 4445 7679.450097700417
1767 1774 1887 1250 437.03325264463126
1768 1769 210 155 221.4664976310808
1770 1771 6067 3546 7247.252433539305
1770 1772 7616 1177 11773.840834191751
1770 1781 5897 188 6561.5475793690375
1771 1773 1601 837 989.9691780863579
1771 1775 990 196 521.3933927147773
1772 1779 6375 269 3920.6360876420154
1772 1784 6118 2223 6683.006043396734
1773 1788 4744 1796 1488.8346954874091
1773 1790 9386 6417 5394.049611481183
1774 1775 2072 332 2041.39341515529
1774 1796 5468 2331 4360.351845402775
1774 1791 8715 5877 7490.719755885133
1777 1781 2773 2170 1475.9530697760529
1778 1779 9929 7460 15481.568707687416
1778 1780 9311 6064 6916.827090221913
1779 1781 3997 2592 2782.412720559446
1779 1782 2715 554 2728.8995909833498
1780 1782 8808 4308 10073.706723444737
1780 1783 3737 145 3456.4943230451727
1782 1784 6897 3214 7479.2385492012845
1782 1785 8449 2112 9961.111977867462
1783 1785 9613 1610 9218.542456848922
1783 1839 8194 3683 7756.877662950004
1784 1788 461 251 92.13893532760046
1785 1788 1420 630 1401.0594202392238
1785 1838 7201 4398 4462.877613135515
1786 1787 7274 5065 11538.333609813622
1786 1791 869 629 825.7916919870856
1786 1790 1592 566 1063.741389161409
1788 1789 5089 3675 5874.886891857806
1789 1838 5671 446 6195.735365572922
1789 1847 798 278 1001.0279484303641
1789 1848 6664 2623 5578.884911180425
1790 1792 4587 3195 8275.412039034147
1791 1799 9498 658 9502.071230294789
1791 1793 58 56 77.29722373798005
1792 1793 7264 4194 9265.977103749525
1792 1794 3168 2582 3470.2405293860393
1793 1815 2367 980 2001.7565310192135
1793 1820 7022 45 6246.199874387582
1794 1845 5160 131 5160.56331177783
1794 1820 2066 274 2045.7424704871512
1795 1800 4576 3369 7632.777186567575
1795 1801 889 263 1091.140629384706
1796 1797 3861 518 2916.9205384541424
1797 1798 9766 1225 6988.259845226589
1797 1799 2198 1612 3694.0651800008886
1798 1801 2091 1428 2092.054722055138
1799 1801 549 42 946.8621747976911
1799 1813 3192 2684 3752.886114733009
1800 1805 1745 492 1781.9358097107538
1800 1804 9361 7151 5133.739626049276
1801 1802 7312 4230 12383.237444686809
1802 1803 4333 3064 4128.165590901294
1802 1816 6248 3579 1328.304204016799
1803 1805 5655 4137 8022.160666431826
1803 1808 8611 2379 8488.019793033054
1803 1809 9813 8670 9326.345005753916
1804 1807 3982 1434 3993.826045898772
1805 1806 5129 2798 6006.870228748501
1806 1807 9921 3811 10020.27278076188
1806 1808 4498 926 1833.7251013735615
1808 1810 8741 4798 11168.262122039341
1808 1824 3596 3401 5180.95986398648
1809 1819 8807 6001 13971.531472099748
1809 1824 4522 2591 4961.406045840344
1809 1825 7400 5558 10838.482176355705
1810 1811 2894 124 3488.0076116228424
1810 1812 3541 220 4806.625864270164
1811 1826 9725 3598 15116.465652352106
1811 1829 3922 1363 6945.992890172372
1811 1830 6386 6077 8892.918643898292
1812 2659 4040 2599 1128.0360251863751
1812 2662 6550 5939 4683.445865280132
1812 1830 9307 6306 7938.751523864409
1813 1814 9505 4361 8231.85634059654
1813 1815 3275 2746 2072.4385886992886
1814 1816 9194 128 4377.599697195742
1814 1817 1861 739 1498.2246185659915
1815 1817 284 42 284.3970744952803
1815 1864 6736 4084 4201.419668538895
1816 1818 8925 292 8930.723909560755
1816 1819 144 96 80.8640177237391
1817 1818 9409 5325 15454.28481279864
1817 1821 5463 4211 7898.011560494874
1818 1822 5894 5392 6166.206389498075
1818 1823 4016 1640 4033.181536792599
1819 1822 8725 7031 10324.836230254077
1820 1864 3159 1094 2959.087686070532
1820 1846 5525 1817 8511.130858912005
1821 1865 4094 2310 1547.9574005028974
1821 1823 2177 894 2485.181781394568
1821 1867 691 480 404.89728470938036
1822 1825 2019 1855 1819.6484968962125
1822 1831 501 427 317.942787318642
1823 1831 8386 3173 4719.340232636213
1823 1870 5429 325 4110.680850079511
1824 1826 9668 3663 3582.376982749749
1824 1827 9278 221 5733.936277308355
1825 1832 2044 288 2029.4813703574423
1825 1833 5327 3193 5297.037923292954
1826 1828 354 142 181.43063450454488
1827 1832 7735 7218 5011.651944254625
1827 1828 8052 5745 7733.602193079233
1827 1835 9628 7920 4476.34112736234
1828 1829 1963 1380 2064.8033342115095
1829 1836 2475 979 1899.3727767505911
1829 1837 3032 2865 3759.25712679087
1830 1837 5369 3691 7425.514301913597
1830 2665 7114 3477 5809.530752442366
1831 1833 4371 4034 6582.356751847392
1831 1872 5887 4388 8072.248618080233
1832 1834 4401 3359 3838.925158290711
1833 1834 783 738 715.4725687015679
1833 1881 4601 351 4924.583698217371
1834 1873 6532 5946 9934.61162641766
1834 1882 4413 1843 4190.285545801441
1835 1836 7759 2160 8465.846441709315
1835 1873 742 544 1144.8235309409904
1836 1874 7222 1322 11474.213993020881
1837 2672 6533 3028 9002.892289622825
1837 2673 374 255 679.5808895416963
1838 1841 6718 6024 5390.120359844311
1838 1844 3020 310 361.03005136496193
1839 1840 1866 31 1865.9388428534285
1839 1841 1485 27 1484.7282532531578
1840 1841 1186 517 1099.193116421586
1841 1843 7179 4855 7150.288357264179
1842 1843 18 7 19.375931489296537
1842 1851 5334 3506 6936.559541701984
1843 1844 8524 1672 10137.9887340288
1843 1851 9257 1847 8831.13471788638
1844 1853 5811 3052 6008.371466529383
1844 1848 2482 1582 1908.5752191921704
1845 1846 9028 3358 6775.298116392985
1845 1847 4475 2723 3412.7410340235188
1846 1865 1822 1464 2020.3257360664438
1846 1850 1066 451 1129.7562789779395
1847 1849 536 235 479.37425633648576
1847 1850 5434 5329 6020.957565304529
1848 1849 4289 1488 4138.572112126876
1848 1858 9105 7665 2441.929846880219
1849 1859 2142 735 397.27008664151504
1849 1860 8612 7017 8727.542191405828
1850 1868 9333 4314 6373.679480846836
1851 1854 1455 661 1293.8446921909263
1851 1855 4469 608 5832.534448028295
1853 1855 9077 16 9077.070856797109
1853 1858 1274 399 1982.9334535151988
1853 1857 8959 526 3736.227201260024
1854 1856 7178 2504 9955.857040706169
1854 1855 8295 1507 8592.690132070116
1855 1857 7963 597 8248.897889427844
1856 1891 9571 1871 6583.773430229493
1856 1892 445 124 444.43341446660423
1857 1861 693 563 918.1460443508893
1858 1860 4916 3371 4757.107717816522
1858 1861 3613 3387 4583.99568598913
1859 1868 5123 3890 2099.7364424658717
1859 1869 9332 2402 9324.601356461644
1859 1862 313 296 348.10835019967766
1860 1862 5724 443 4784.591647505523
1860 1863 3741 2179 4400.947197651279
1861 1901 7821 4647 7959.394437819376
1861 1903 1729 1125 1700.7612548260938
1862 1879 8333 4989 9452.922407051095
1862 1880 745 306 910.7579064265635
1863 1901 4658 1835 3467.834000044623
1863 1880 4340 4179 4377.665351969687
1863 1902 8943 7448 11393.678427255156
1864 1865 275 131 248.59381350527676
1865 1866 8215 5731 4025.024957829686
1866 1868 119 108 41.75424191805683
1866 1867 9337 4277 2393.564844922673
1866 1869 1397 784 1657.2210670284214
1867 1870 9660 4073 5960.127511473025
1869 1871 8883 2779 7196.343271728694
1870 1871 2934 1246 2753.881374359264
1871 1872 2963 1637 3954.7564636699535
1872 1881 3189 1045 2114.698620637933
1873 1875 7349 2655 13660.082397611312
1873 1884 1201 573 1124.7604501492822
1874 1875 3226 1252 6037.644730584391
1874 1877 8786 4841 6814.084062866446
1874 1878 2552 2430 2390.9532604707283
1875 1876 2325 1537 355.3753948789746
1876 1884 9771 4840 8894.84904760216
1876 1877 3327 824 3257.3950817133637
1877 1886 1354 897 2113.130484050682
1877 1887 2124 746 3234.7025741045063
1878 2713 7363 5337 2659.7654929085716
1878 1887 6783 5394 2925.470989154932
1880 1921 3182 2066 3498.359770654745
1880 1904 6449 1449 7691.453567118585
1881 1882 8815 7103 8388.661311731339
1881 1883 1077 944 2095.350563689637
1882 1884 6867 4513 5583.244253487636
1883 1885 8493 1895 8331.337872044862
1883 1925 4499 3308 1254.3760716999725
1884 1885 3768 945 2843.965628407827
1885 1886 6926 5879 10718.206757570606
1885 1929 5467 2512 4742.306932189353
1886 1888 3876 3488 5828.213127396566
1886 1889 4646 139 4644.802183299055
1887 2715 5487 3315 5325.058640663977
1888 1929 8798 2668 8137.867136105213
1888 1932 2643 1113 2401.3094049812967
1888 1933 4622 3456 4440.284285117577
1889 2715 2682 1757 2505.106242739368
1889 2733 2338 747 1172.6740598347683
1889 1933 8185 5336 9360.429178100485
1890 1893 2822 2293 3429.331598584392
1892 1893 8800 1341 9767.471539484803
1892 1894 6699 3302 5919.54085902791
1894 1895 7281 3763 9389.49039718015
1894 1897 3100 2439 3390.864161246805
1894 1898 1818 1666 3219.5139465299903
1895 1896 2050 1150 2506.9212032133155
1895 1899 2443 43 2442.9884754419645
1897 1900 4234 8 6073.663955279386
1897 1910 808 711 643.6021530720268
1899 1900 3134 2668 3621.052595303638
1900 1903 721 322 258.9561468396664
1900 1905 4162 1900 3125.058259895052
1900 1907 3798 1367 1709.2530845709562
1901 1902 3480 1439 6493.434730389724
1902 1904 1364 74 1735.3062905500374
1904 1926 1372 1116 895.6461145397527
1904 1927 6051 633 3970.1377594614587
1905 1906 4392 3714 6886.441388329547
1905 1908 8821 6941 6350.680144925349
1906 1907 1998 1900 2113.8003278520587
1906 1913 5357 3164 5894.817137559882
1907 1912 8439 1868 8436.721738653665
1908 1909 9103 204 9101.780806864741
1908 1916 5815 641 5805.073738067099
1909 1927 2367 552 2670.059059223088
1909 1917 8306 4739 8811.631834583219
1909 1936 8757 2677 8767.598014570633
1910 1911 5649 1125 4378.8765869151275
1911 1912 6382 2613 920.8107834328325
1911 1914 5667 3419 7446.496531583239
1912 1913 7817 6260 7380.966211212175
1913 1915 376 21 384.4619825105345
1913 1914 6226 1327 6353.1218106971055
1914 1918 3020 976 4831.740018579929
1915 1916 7688 2594 10459.115898261263
1915 1919 8830 2999 11794.503494751609
1916 1917 7574 5827 9537.536440704049
1917 1920 8897 1345 7800.006394631782
1918 1951 8959 5856 13641.191921603335
1918 1954 1885 392 1124.1114363366414
1919 1920 2227 700 2127.993693719929
1919 1951 6990 4056 8102.096299307713
1920 1939 7611 5547 4424.917808401908
1920 1952 4680 365 4680.358610530929
1921 1922 5626 4366 7754.019714454578
1921 1923 819 234 346.14948775774894
1922 1924 3874 1399 2395.287051682997
1922 1925 6928 1913 2842.5165404907734
1923 1926 7375 3142 6438.892077918164
1923 1924 2074 1728 1046.4281394884454
1924 1928 2025 886 1697.9789587722487
1925 1929 3794 2887 3114.7395253461036
1925 1930 7985 3261 8362.389093738582
1925 1931 6556 494 6547.704872817782
1926 1928 2944 2892 2410.054224924207
1928 1937 5681 3742 5751.5033339401725
1929 1930 5485 4571 10017.711662197313
1930 1934 7310 2268 7219.7147058865485
1930 1935 2420 642 2429.7986937243068
1931 1937 171 131 81.97068061370442
1931 1934 6274 761 6273.1202129091
1931 1938 1410 353 1140.9013988555164
1932 1935 400 204 477.1026597566089
1932 1946 1553 451 1905.4267858193823
1932 1947 3828 1379 4759.9959752411705
1933 2911 428 423 757.5877217351049
1933 2912 4086 1237 4584.150687938396
1934 1935 7643 3318 9542.289625135598
1934 1945 6922 1047 7131.475196880795
1935 1946 1019 391 1799.7300928074396
1937 1938 6386 2640 5848.839614917873
1938 1945 9615 4336 11500.4568936809
1939 1940 4497 3281 5214.014684041758
1940 1955 3503 567 3673.8691412493363
1940 1943 726 1 617.368276665237
1940 1959 1653 449 1268.2486242179673
1941 1942 3193 72 2084.058155171176
1941 1960 1617 935 419.9404762984962
1941 1961 5217 388 5220.885365272084
1943 1944 3278 2576 1508.0711773125051
1943 1958 7945 7487 8408.806446876737
1943 1959 2583 741 2599.6440684321915
1944 1958 8487 4421 8856.88640116209
1945 1948 4769 4174 6194.761307668355
1946 1948 9553 186 9550.981422619461
1946 1949 6380 3199 6472.280148926989
1947 2912 6103 5587 9766.714809970408
1947 2915 6974 140 6972.50449001643
1947 1949 9207 1132 9210.658618712407
1948 1950 7523 7106 5386.010904604452
1949 2925 6320 1424 4931.521689298469
1949 1950 353 259 539.678043473655
1950 2926 9700 3147 7122.9445101446945
1950 1962 8582 6960 6168.100145808428
1951 1952 9688 1101 14273.248252420944
1952 1955 5696 2240 7854.542754922119
1953 1954 559 97 809.3222751076065
1953 1956 2196 524 2146.8289080799095
1953 1955 1028 569 878.887876839707
1956 1957 3040 2880 3501.5446262678624
1957 1970 5415 3383 5392.02292675439
1958 1960 37 36 25.831571909515855
1958 1973 7852 6028 7845.978390936026
1959 1972 859 410 420.5765666578559
1960 1961 7018 1626 10782.683996938504
1960 1964 5466 4053 3991.8670266151016
1961 1966 1455 268 1453.738452499971
1962 1963 5309 3823 7059.192394230067
1962 2926 9592 8832 3365.126723691533
1963 1966 9404 7582 9441.565563664726
1964 1965 9587 4510 12556.521467491259
1964 1973 3311 3049 1612.936359397733
1965 1966 7124 894 7130.044621961017
1965 1967 4925 4492 7343.616407415061
1966 1968 4058 1668 4092.3058066124045
1967 1968 3672 1259 3708.6302579755916
1967 1976 7104 3942 8211.06667531284
1968 1969 3446 333 2813.6074255383846
1969 1976 3504 1890 1550.942588535686
1969 2983 5014 1461 4321.296352275434
1970 1971 6681 5915 7754.821886461786
1971 1972 4879 3359 5022.061640903487
1971 1974 9989 7396 13126.486489714373
1972 1973 2167 1060 394.92739361048234
1973 1975 6538 6334 4665.9842881537925
1974 1975 1124 753 215.42611961108503
1976 1977 4210 874 4227.456646342132
1978 1979 4803 4773 4740.266386917376
1978 1980 7653 5575 9413.392552902049
1978 1981 5045 943 6279.2296152385825
1981 1983 322 109 233.31021326717084
1982 1983 7495 4918 4870.305284814714
1982 1993 8170 5597 10824.007860830834
1983 1987 6150 4935 6184.07009126069
1984 1985 7007 1203 6488.583578986804
1984 1988 9124 3198 9485.935100384942
1984 1989 2935 2033 2209.581633197145
1985 1987 5322 657 4422.169243854844
1986 1987 9712 8871 11778.264666850782
1986 1988 9533 8626 8103.091981735848
1988 1992 9227 84 9227.208591165245
1991 2002 534 308 564.9889813407694
1992 1995 3842 1482 3778.5842793848924
1992 2005 246 207 447.38604778241876
1993 1994 6331 5004 2969.949442564436
1994 1995 1168 1109 732.3694503211436
1994 1996 3798 1268 3213.3547265083985
1995 1997 5905 5639 4541.567302637792
1997 1998 1977 193 1108.6891266555247
1998 2021 3938 607 3936.9800660974115
1998 2046 7767 1382 7740.574392208624
1999 2246 3797 3123 1350.1097972437221
1999 2204 6157 578 6366.714128409938
2001 2002 3322 378 2571.089684089791
2001 2004 8174 555 13327.946972513422
2003 2006 1027 38 1026.4137301398257
2003 2008 7789 990 11566.884374629837
2004 2005 1004 812 1006.6620309355262
2005 2012 4085 3827 1865.0388714269038
2005 2015 1883 1448 1684.944687855252
2006 2007 3018 2801 3328.0131807335324
2010 2011 2609 2096 2382.6280966398685
2010 2013 5194 2276 4955.214115476156
2011 2035 9378 4584 12824.061890369061
2012 2013 6017 1540 5995.254802176067
2012 2014 3802 3487 4503.809916176338
2013 2035 8818 4873 7038.030651327841
2014 2017 831 764 440.43373320826663
2015 2016 7900 2334 7881.376765364896
2015 2021 4253 42 4252.9472416606295
2016 2019 8721 1679 8783.01759068684
2016 2018 6098 4102 6279.1434266210335
2017 2018 4505 2486 3438.614449107635
2017 2020 858 147 316.8224237979426
2017 2247 7966 2502 8182.221246493989
2019 2024 510 333 627.6164510177348
2020 2030 4910 4404 4299.190584111973
2020 2031 5593 4863 6149.298457413102
2022 2023 9484 5154 15804.181082100764
2022 2034 8886 3583 9393.278336129317
2022 2120 7044 2224 6002.328832374604
2023 2120 2640 2347 2609.1678506322005
2023 2122 2343 1674 3241.4855933874137
2023 2121 2346 847 2175.590173975472
2024 2025 9554 1925 9552.542038499934
2024 2036 2026 1861 3092.656107733097
2025 2026 3160 2612 2276.21761706585
2025 2122 7885 2503 10948.12011068793
2026 2123 3147 1262 1877.7930959199828
2027 2028 2849 1972 3135.2020960025498
2027 2032 6555 4583 6709.3735337902845
2027 2036 6409 2788 4360.106515240144
2028 2029 2244 645 2244.567980071518
2028 2032 2377 536 2746.340991170923
2031 2247 4188 1597 3937.5975948582486
2031 2250 349 17 262.3333046167546
2031 2159 3195 760 4577.902775110652
2032 2033 765 190 451.0843066993208
2033 2039 6182 5466 6810.092184824422
2033 2043 8089 7802 11683.185420999573
2033 2044 749 613 631.4381376188528
2036 2037 7511 2230 10221.535716092172
2036 2039 5591 2207 3545.376024432864
2036 2141 3187 110 3023.7572789070255
2037 2038 9864 3141 13728.236958270374
2037 2125 9842 4304 17334.113067294482
2038 2125 3835 1292 4279.180813566798
2038 2141 8608 328 8614.284884277195
2038 2142 2565 268 1302.1641891915242
2039 2042 5029 2718 4994.012784705965
2040 2041 5853 1066 5860.665930506173
2040 2043 6250 1138 2348.986532056936
2040 2147 8938 285 1542.0778807782679
2042 2141 9621 9321 10520.521222365405
2042 2144 1559 510 1409.135537645321
2042 2145 2552 2160 2659.074307456518
2043 2045 353 291 457.4882144981131
2044 2045 5647 3721 5015.028162207787
2044 2144 3090 2951 3294.217780623992
2045 2147 5558 4277 3181.8330919864325
2046 2047 1044 1000 832.9411711503783
2046 2048 9164 9118 7024.809936805409
2047 2048 1508 277 1489.2555962074287
2047 2064 5669 850 2437.428512138519
2048 2049 213 182 272.73973595563666
2049 2052 2743 72 2738.8053919781873
2050 2051 329 206 305.790106049002
2051 2056 4285 820 4286.990212321762
2051 2057 3002 977 2434.9619732588553
2052 2055 1224 496 336.97690465994015
2053 2072 3207 2545 4629.701407514652
2054 2055 1833 901 842.9065151251853
2054 2078 7482 5427 10712.807608050936
2054 2081 9855 6403 16207.47431680554
2054 2082 9292 2261 7449.317218484119
2056 2077 4635 1522 3738.3576174304053
2057 2083 8222 698 8278.647724469798
2058 2059 3166 2642 4536.87276660891
2058 2067 7207 4368 6107.75572905577
2058 2069 3703 3496 3565.7961497824685
2060 2061 475 118 593.007626117236
2060 2081 4687 2010 4510.928856099715
2060 2062 1159 1058 1010.9544214394514
2062 2063 8566 1525 8975.369513888912
2062 2065 5837 3126 10551.158742371963
2062 2087 3498 1487 3035.1834947633483
2064 2069 2110 2065 616.179178191117
2065 2066 9334 6070 5191.706581642389
2065 2088 4386 1154 5786.822455057875
2067 2068 65 1 43.279470999375256
2067 2088 6484 1182 7393.975660130799
2067 2089 5730 4768 7734.28210017996
2069 2095 8003 2616 6525.658072208814
2070 2071 435 109 696.0501878896196
2070 2120 2996 2427 5230.351050097643
2070 2121 3 1 3.614489479905843
2071 2072 9501 3482 9509.114745086312
2072 2074 4633 1249 4519.881722225624
2072 2110 9387 4147 2674.2205706742106
2074 2075 4042 1652 3394.1128770528303
2074 2076 6035 4285 7330.29488735614
2074 2115 7983 491 5280.210854856381
2075 2111 5320 3971 1072.923756467757
2075 2076 4480 3936 4695.522539421607
2076 2131 2554 1440 1412.0742663999868
2077 2078 4856 1795 1491.2669419272233
2077 2079 4493 4464 4181.8824934749955
2078 2080 6740 2686 8478.294492238752
2079 2083 3664 3004 1723.2482966471266
2079 2080 165 66 177.18033387920164
2079 2085 7913 7577 5656.2642119503935
2080 2086 8459 1708 1535.6522528449625
2081 2082 6937 1775 8317.818200078023
2082 2086 3594 2030 3221.4224131535334
2082 2090 8702 8099 7115.696279442328
2083 2085 2070 1904 2108.2913340886766
2085 2099 5351 2609 5050.1100804180605
2086 2090 7929 5730 7419.274031080177
2086 2091 2650 2650 3972.1504123313093
2087 2090 6845 1494 10709.591005757944
2087 2093 5129 2483 3277.7792508172543
2087 2092 3935 1728 3631.137911212056
2088 2093 1940 1100 2485.628656662879
2089 2093 2952 242 3313.7247500420585
2089 2095 4903 354 4203.778259998622
2089 2096 3582 177 2743.0278763798633
2090 2092 2935 551 3759.3020422488735
2091 2099 3445 1772 4004.1942273886366
2091 2102 3028 2535 4770.4346682820615
2092 2100 3604 1046 2937.5266746554967
2093 2094 8977 7411 9309.903113180935
2094 2096 6080 3375 5773.155249515488
2094 2101 8719 8536 8916.35149846477
2094 2100 4026 2331 882.9601382383877
2095 2103 2953 1140 3461.8412962714815
2095 2104 3595 315 3590.222944408543
2095 2105 9832 7501 16000.95740160439
2095 2096 917 848 1302.8080051752447
2096 2666 757 83 756.1277166854242
2097 2098 2599 868 2189.4825946202955
2097 2659 2155 1296 2838.8763143742754
2098 2099 6355 1309 8951.823006820086
2098 2660 9937 4484 12252.432040837926
2099 2661 1350 1194 716.0004837430242
2100 2102 1626 726 1802.7622008692056
2101 2102 1189 562 1454.7073343744266
2101 2664 742 198 753.5299747811558
2101 2666 1195 798 999.1525875979834
2102 2661 8083 6716 4945.940006079006
2103 2106 9101 7684 8816.148785204885
2103 2107 1730 1291 2260.332292626297
2104 2106 4607 3258 5286.052575196623
2104 2110 9325 4473 5517.365973123506
2105 2666 18 3 19.64234259958788
2105 2107 7932 3929 10504.408957360987
2105 2669 7530 5709 5650.290803750064
2106 2108 8549 627 9744.106496254111
2106 2109 2299 483 2406.635495048491
2107 2685 5818 3480 5925.75080808405
2107 2109 218 174 370.1485540597074
2108 2110 811 656 1228.136784071434
2108 2113 4212 1104 4221.329702348468
2108 2114 3759 2751 4619.901892351775
2109 2114 785 303 767.5251198886589
2109 2688 6952 3616 2007.8832356106188
2111 2112 3424 150 3675.132435786644
2111 2115 9210 5097 8514.662394603785
2112 2132 6539 5132 1245.895814197767
2112 2160 3266 3174 3628.19044343454
2112 2161 8808 609 10269.308483266237
2113 2115 2516 1607 2424.032377327568
2113 2116 353 284 608.5764611397523
2113 2117 9834 8288 8312.509892230571
2114 2117 2551 725 1679.2987237483312
2114 2691 198 53 222.1515330791145
2116 2118 1283 761 791.3556824071383
2116 2119 5969 4387 10137.092575499735
2117 2119 7396 5834 4764.26580724084
2117 2692 8355 5083 7596.25912876842
2118 2161 1147 251 1512.8752658407443
2118 2165 5690 4067 7271.690150837449
2118 2166 5105 3571 6429.795520723474
2119 2165 669 336 461.1333130109027
2119 2696 9721 7304 3970.4742436023353
2121 2126 219 48 246.04027145326793
2122 2127 9637 3818 6477.638959799945
2123 2124 3329 986 4975.213594409987
2123 2125 4991 1963 5473.640203220237
2123 2136 5707 2779 4961.276855126471
2124 2130 145 45 237.52159654340585
2125 2139 9268 1328 9243.242042800115
2126 2127 4398 3454 4809.645542704111
2126 2128 8059 4216 8336.178373920488
2126 2131 8304 5555 15355.742081256092
2127 2128 5494 2240 4338.566582462561
2128 2129 5275 1382 5481.271090920771
2128 2130 2346 2299 2557.8202244395516
2129 2132 4197 4125 6769.1839580113965
2129 2133 6112 1518 7620.055000214779
2129 2134 7848 2240 7380.065670870863
2130 2135 679 234 599.6412764283609
2130 2133 6078 2832 8525.362475844311
2131 2132 9195 2681 6166.987534442754
2133 2137 21 19 24.984544865355343
2133 2164 810 330 676.8038523764104
2134 2160 4155 107 4207.087192821157
2134 2163 9810 5228 10564.514387031757
2134 2164 5989 1196 6016.618112518695
2135 2136 3782 1772 2749.6565879166096
2135 2137 399 42 399.02468301558093
2136 2138 753 52 988.2425605900677
2136 2139 1982 1250 1671.8991888536473
2137 2138 7553 3811 7589.4375133972735
2137 2169 8992 5160 5129.913828139511
2138 2140 7041 3360 11280.375081679533
2138 2172 1198 735 1239.2294577870846
2139 2142 639 332 407.95862582047073
2139 2140 709 492 423.7864246856452
2140 2149 9285 1674 2531.1483951608056
2140 2151 918 471 638.3052700476072
2141 2143 8093 3172 8184.250347240107
2142 2143 4605 2658 8618.18924529396
2142 2149 8895 6095 10890.785539501183
2143 2150 1488 1094 1443.8734677604605
2143 2145 2637 278 2570.4451529666926
2144 2146 3603 1929 2506.599560002871
2145 2155 8686 5354 13827.485989484027
2145 2153 8327 6530 8847.658394371543
2146 2148 5153 2698 1187.8089676747295
2148 2155 2632 2059 1870.935019025897
2149 2150 4814 2568 5639.95811140408
2149 2152 9181 8432 7842.612899129603
2150 2153 3450 304 3440.599863998516
2150 2154 85 81 129.28421286557588
2151 2172 1554 126 1552.4504747792305
2151 2152 4082 2211 3088.1855916126983
2151 2184 864 777 967.4428429943679
2152 2188 8657 882 8684.218192873213
2153 2156 3957 444 3964.225796599204
2154 2188 8153 1502 4798.776612767502
2154 2189 8258 4133 8427.990941061486
2154 2190 1177 827 1090.8338491415086
2155 2156 6267 5498 8863.396581875497
2156 2157 7031 1402 6797.022924932583
2157 2158 5259 1643 8792.79205146756
2157 2191 8799 2882 10589.105259694661
2158 2159 542 38 541.859768714794
2158 2191 3718 3637 3776.264973390194
2158 2426 1308 265 2134.3690894235997
2159 2422 5280 2799 5156.097938933455
2160 2162 978 134 1396.793493566046
2161 2162 8206 6685 14191.107620985702
2162 2163 8892 1752 8893.866310133555
2162 2166 6263 5822 5104.507516347801
2163 2167 5889 3898 4491.116213998246
2163 2168 305 61 307.76789482244436
2164 2169 2181 1549 397.97237236903857
2164 2167 161 50 194.96736396324675
2165 2770 9050 2092 10994.217199367467
2165 2179 6557 183 6561.997431104265
2166 2168 5936 5492 4420.664933052265
2166 2179 749 681 406.42803051236
2166 2177 5629 1092 7544.832046995981
2167 2170 3415 409 3482.5408137318336
2167 2171 1349 452 736.7804316043236
2168 2177 6819 1636 2656.6265070873305
2168 2171 9751 3957 12849.608751216132
2169 2170 5464 980 3829.8034540062717
2170 2172 7019 4813 2478.470101479397
2170 2173 5140 552 6824.656475260481
2171 2173 4616 1718 8377.30729398089
2172 2174 6050 1918 374.41486925324955
2173 2174 9267 5146 16770.01496670417
2173 2182 3957 3369 5495.382127635402
2174 2183 9906 660 4510.1573951901655
2174 2184 1019 189 1039.0748613155672
2175 2176 4732 3969 5763.416269984494
2176 2782 4965 961 1918.997246028276
2176 2806 3040 2794 5581.33916538903
2177 2178 8006 4083 10535.363451656678
2177 2180 247 237 296.6125461370348
2178 2180 4578 4082 733.4072366072172
2178 2182 4471 963 7307.63609578791
2178 2186 8232 3727 10821.157235935414
2179 2773 7716 1730 7694.2040063730465
2179 2771 2705 1428 2513.176825680308
2180 2181 8491 143 8493.73724086129
2180 2773 7535 4953 11626.378345890504
2181 2773 565 261 374.14834149575734
2181 2775 2389 1634 3153.9291098713225
2181 2776 171 66 162.36848399229706
2182 2183 6398 4891 6558.539848886862
2182 2187 4722 3515 6094.9063071466
2183 2185 7799 3575 13626.843079330189
2183 2782 8898 2013 8877.156842205439
2184 2196 1497 1267 1754.7545097704376
2184 2185 4490 2840 4398.124719560401
2185 2196 8186 2818 5337.309823247856
2186 2776 5831 472 4440.26767353899
2186 2187 8530 6474 10641.265733706852
2186 2781 4939 3309 5937.953170390107
2187 2781 3023 1446 883.6117753579554
2187 2782 4331 2351 7028.589243784327
2188 2196 1558 197 1559.2344689391007
2189 2191 5313 1739 5159.605909386899
2189 2198 8224 2753 9062.694787577226
2190 2196 8006 7615 5392.750392078065
2190 2197 4874 1763 5798.898366138314
2190 2198 5407 344 4545.641591232572
2192 2193 4302 3700 4386.6948400556175
2192 2198 7241 93 7241.718956711399
2192 2194 4520 2275 2734.1063740458185
2192 2200 1791 862 398.61231230340644
2194 2195 3589 3426 4274.560012989187
2194 2201 5782 3946 5122.72464039343
2194 2202 9344 4360 9839.885878300383
2197 2806 2620 616 2450.5793585699544
2198 2199 6104 1340 9899.148149714407
2199 2806 5315 3151 5065.86175148589
2199 2200 2146 1965 1641.1457346149298
2199 2813 5910 871 5910.032301540567
2200 2202 7965 6381 7663.566383942483
2200 2812 940 97 840.5391691319536
2201 2496 2043 1171 777.214908615559
2201 2493 4952 4047 7267.027759119458
2201 2501 8330 2336 11344.884980922896
2202 2809 4123 2325 4949.01192268493
2202 2501 9197 1666 2381.669993143374
2204 2205 623 284 834.5358060300425
2204 2231 1906 1388 835.6405614788063
2207 2208 5778 4324 2905.394382589583
2207 2212 8308 8104 11392.511307363573
2209 2210 4776 2295 3436.89928288141
2209 2216 8236 4315 8156.201769523974
2210 2216 7104 1469 1356.0929895326149
2210 2218 9143 5505 7103.179125194448
2211 2212 7981 3917 11964.580925153572
2211 2219 9979 2634 8947.045233561437
2211 2218 5642 880 4252.1082393909755
2213 2214 3176 1687 4032.9291609835664
2213 2215 9762 6533 6943.456335971683
2215 2225 455 208 432.2703249434946
2216 2217 5222 392 4318.594515856951
2217 2223 2888 1005 2172.3970892148263
2217 2227 5921 4614 6324.540869304241
2218 2223 1673 1415 2611.426438151792
2219 2220 4991 3920 4810.702551583732
2220 2224 3490 1710 2932.901503556978
2220 2223 7652 3820 8449.116170871856
2221 2222 7070 4886 8086.621232625494
2224 2226 2270 1142 2619.8690433169277
2226 2228 3160 466 3153.927228540822
2228 2229 749 139 750.7074173308592
2228 2242 6340 857 6350.296846555833
2228 2252 9337 3788 5392.131306452567
2229 2254 8368 4082 8321.324656917353
2230 2232 9163 6574 6230.994160421928
2230 2234 8550 6434 7170.667446884735
2232 2236 2312 2232 2885.841815070021
2232 2235 1553 1078 1411.4200603132692
2233 2235 1929 1912 1573.1163730713572
2234 2236 7780 6388 6799.601556528038
2234 2240 4751 1852 5486.971134156296
2235 2237 4842 4498 5209.490664130829
2236 2238 4827 1340 9082.39390301516
2237 2238 5526 714 8870.281686345974
2237 2239 9529 830 10939.768965624322
2238 2240 2989 1268 4346.14529509967
2238 2241 8277 140 8277.66667372381
2239 2289 2165 464 2435.4461234014066
2239 2290 4569 3536 4507.137304310152
2240 2295 7264 6887 5617.192915466341
2241 2290 8019 1341 8029.643123662947
2241 2295 6882 1122 5587.737279277005
2242 2247 3584 436 3956.092631599496
2243 2244 5048 1062 5241.104427800764
2245 2246 9546 3636 6621.95287150065
2248 2249 3530 3401 3501.700292520825
2248 2252 8476 6363 10094.587441976213
2248 2258 2847 65 2846.6616872880923
2250 2251 7939 1155 12111.02652120392
2250 2258 3411 2918 2610.929720604239
2252 2253 7197 1688 7218.790362413606
2253 2260 2227 374 2241.1437894248083
2253 2268 403 112 223.95050956363227
2254 2255 5363 1174 5342.9977645439685
2255 2279 3246 1844 3523.1586469219133
2255 2277 3875 2265 5720.009320275302
2255 2351 9933 8939 17592.927307662045
2256 2257 1370 411 890.843752359708
2256 2415 1806 788 2273.916300666211
2256 2262 823 647 251.2283302621699
2257 2261 9844 4181 11498.898020140614
2257 2262 7587 4749 11196.113651157348
2258 2259 3810 1096 3969.9922279226967
2258 2260 9245 4703 10822.431746902761
2259 2261 2240 661 2566.174729811727
2259 2264 2929 1351 3430.6531820045643
2259 2265 3479 2930 5897.860499752285
2260 2268 2125 1394 2465.565701334817
2260 2264 5210 3590 2503.2487629228826
2261 2263 3545 1915 1386.9898402281656
2262 2263 8626 646 6655.9958309113445
2262 2416 927 432 954.4133219959326
2263 2265 6005 1283 9970.13422032311
2264 2270 5632 3565 4587.294138365905
2264 2271 7536 6487 6478.89799601579
2265 2271 1870 1681 352.61068207205983
2265 2420 5663 87 1931.8393661732853
2266 2267 6097 5908 2086.650786840064
2266 2276 3566 2416 3553.172277690984
2268 2269 4050 3504 2886.754529204718
2269 2274 3068 2688 3465.318529581638
2269 2273 1931 1912 2812.1138977066366
2270 2272 768 107 1268.5164969310056
2270 2273 7270 6244 4312.943455150777
2271 2272 1056 408 1144.5800922355297
2271 2441 2924 160 3072.2382008236477
2272 2449 3602 2222 1510.7000760433045
2272 2450 8587 5663 7710.062421090084
2273 2449 5848 3441 1703.559596591517
2274 2275 9295 4942 9356.766321153293
2274 2279 9880 6902 9512.267729693122
2275 2451 6868 3896 9116.723249450974
2275 2454 6646 1461 6933.24037443949
2277 2278 5145 4744 6191.07152786163
2279 2281 4825 961 4821.082533143447
2279 2453 4710 4108 262.40764878206346
2280 2281 1202 751 687.087526281004
2280 2283 1047 622 1664.988199257391
2280 2284 1469 1244 1063.1927366484792
2281 2282 1599 1126 1649.1762575880089
2282 2285 6993 3425 5256.516915217413
2282 2286 3453 2626 888.7576505180862
2283 2285 1394 1091 1965.6825290657207
2283 2287 3014 2419 3970.621411825913
2284 2457 2301 1058 2579.440950278738
2284 2456 6599 5214 3342.6252759849044
2284 2460 5051 1288 5822.791589537072
2285 2286 525 177 671.279086779186
2286 2353 314 248 241.5570795077459
2287 2352 5473 550 5448.850203449199
2287 2457 804 81 804.3953765009994
2289 2290 8610 5272 8656.664001191177
2289 2293 3430 2265 1954.7155371244505
2290 2294 1879 1772 2141.824774713786
2291 2298 1117 978 891.0001509772932
2292 2306 6878 5725 1359.613531257515
2292 2300 8509 211 8507.158440131392
2293 2294 6330 5129 5899.623479620199
2293 2298 9599 388 11110.045898907683
2294 2296 8772 7224 8902.194125195276
2294 2295 673 649 1141.4419372093153
2295 2297 7860 641 4080.4033816344268
2296 2298 8612 1046 8617.153388777477
2296 2299 8429 8216 8947.902447652346
2296 2297 6332 1795 6763.657052433534
2297 2331 6190 3350 5394.729608781879
2299 2300 1327 714 1604.586083914611
2300 2340 5053 2206 6482.1825893772275
2300 2343 3152 474 2388.1371193856057
2301 2302 3312 2500 759.3795245656079
2301 2306 8740 4526 5495.465040941748
2302 2306 6061 1736 5774.606500879329
2302 2305 6165 2475 7826.451871519441
2302 2308 5421 1253 7014.419400276273
2303 2305 3388 1439 3269.624977601316
2303 2310 3256 1782 3077.790116535183
2303 2321 6396 1503 8742.204722432072
2304 2313 5498 2165 5022.621713590669
2304 2312 2859 254 3832.1464869559586
2305 2309 7701 3457 6651.451756726203
2306 2307 4646 2357 5625.1213380899435
2307 2308 7626 3381 9096.711092640906
2307 2318 2380 974 2486.0114354775615
2308 2320 333 268 538.8549554057447
2309 2320 5994 616 3403.9361406281846
2309 2321 2062 1320 1651.594591573167
2310 2312 2223 1556 2459.684236789898
2310 2322 8942 5191 9088.510784096887
2311 2315 7844 1009 7856.1965682053315
2312 2313 2284 249 1944.5969974122495
2312 2314 4647 2551 6015.298520907826
2313 2316 5459 2964 6575.831813185039
2314 2322 3290 1360 3680.878738347908
2314 2329 6492 195 5363.605900091258
2315 2317 7870 3282 8957.969296775762
2316 2323 6780 5320 9220.285910976858
2316 2324 7174 2310 4414.855034047145
2318 2319 5809 5752 5027.9219816979
2318 2345 4920 3524 2207.706608958046
2319 2320 487 50 487.41552920824427
2319 2370 9 4 4.688507380750481
2321 2322 9463 1218 7651.64671094136
2321 2371 1717 800 1596.1276892470066
2322 2328 3198 18 3197.860028243584
2323 2325 8396 2632 10129.756620061426
2323 2326 9521 761 9699.959207846901
2324 2329 964 16 963.8662106657181
2324 2326 8884 459 13899.87028200071
2324 2383 1639 1010 1715.5573730262834
2325 2327 9423 1133 9707.515810425635
2325 2330 7739 4335 1891.1745248315658
2326 2384 2590 1545 2571.247258405231
2326 2385 8628 4765 14869.340446479904
2327 2330 819 47 818.4013424679041
2329 2380 5536 1614 5744.514729835735
2330 2385 8737 2536 8008.389144705599
2331 2332 3685 1409 2742.4789226832395
2332 2333 694 493 832.4484092887116
2332 2334 4617 2723 1323.7554930314711
2333 2335 2734 766 3170.3733939167723
2333 2336 1113 780 1287.7232788054334
2334 2338 7662 36 7662.328882954809
2334 2355 1671 367 1532.5212255084132
2335 2337 6868 279 2147.1833618426217
2335 2336 5848 280 6048.053147134261
2336 2338 3576 2097 5894.043602806562
2336 2339 6292 167 2773.4981083180624
2337 2341 4457 3316 3748.987997162933
2337 2347 5683 5368 6326.042032166703
2338 2356 775 104 1169.0238864093856
2339 2361 8492 2 7458.997433304079
2339 2360 464 160 96.07800110632307
2340 2341 8117 6111 1672.1423142696065
2340 2342 6828 178 1888.3013935476429
2342 2344 6556 1976 4904.181912699193
2342 2347 9759 4900 2034.7172302518186
2343 2344 6173 2297 6727.719188045916
2343 2345 3742 2300 4131.46742121013
2344 2346 9386 3855 10099.483901493437
2345 2346 9479 6329 11258.44664156187
2346 2348 7572 6120 4156.451538868491
2346 2370 621 340 626.018208548204
2347 2348 2414 604 2646.56751212419
2347 2361 7556 344 7705.5939349576565
2348 2349 9603 453 2870.967924338498
2348 2362 4294 4204 3051.5226557866795
2349 2370 6143 5633 8705.625549992401
2349 2395 8039 1252 8050.6825065530165
2349 2366 8721 3785 8616.272511125868
2350 2351 9039 2685 8207.112407393286
2350 2352 7400 1786 7561.11418267902
2350 2353 465 161 390.2897340207031
2352 2354 6491 5089 5831.241512874942
2354 2355 6197 647 9112.864737557726
2354 2458 3422 2894 4078.818499645038
2355 2357 3689 3606 3633.842584222351
2355 2358 2235 1830 2744.431339097325
2356 2357 3665 2633 1617.7963603766925
2356 2360 693 340 807.0924939412267
2357 2359 1045 406 248.73863345424505
2357 2358 6033 1364 5643.291034120586
2358 2545 1794 258 962.9442592883725
2358 2547 5017 1950 4735.020667290048
2359 2369 314 120 409.9851919960038
2359 2552 1844 1082 2682.623678531294
2360 2369 7038 3396 3210.8651912288
2361 2362 6762 3396 6647.157940341633
2362 2363 7907 1403 8402.239749612825
2362 2364 4164 3005 5533.772279046499
2363 2364 8002 3078 7951.907541479848
2363 2369 1133 821 1550.8556254038385
2363 2552 2044 927 953.3137870608807
2364 2365 9690 6791 13466.689881139291
2364 2366 5192 2494 7844.047033940629
2365 2366 5672 747 5762.976276662722
2365 2367 4323 3044 4647.432037841964
2365 2368 1554 696 674.7482997966857
2366 2395 530 222 858.421811431117
2367 2396 649 125 660.2379170315826
2367 2397 6657 6285 8884.659106094296
2368 2552 1503 14 1505.19329223821
2368 2397 9598 3247 10273.867327909715
2370 2374 9811 4064 15667.028306605309
2371 2374 5344 707 5600.271631629905
2371 2373 3642 1210 4379.535534463444
2372 2373 9434 7723 6875.427530798872
2372 2375 8609 7217 1025.5992443544096
2372 2379 4289 2666 3273.8715962676465
2374 2376 1662 227 828.493850288177
2375 2376 7667 5744 3808.6902728764326
2375 2377 1377 706 666.4517345868951
2375 2378 3237 2143 2618.049516362675
2376 2395 2113 758 2492.100464635581
2377 2379 1334 657 1241.4875417600524
2377 2388 463 416 425.41394669775536
2378 2401 591 137 591.3861485835332
2378 2404 7915 4699 9134.638009029084
2379 2380 1595 683 474.417278559318
2380 2386 1388 944 1183.9428990133479
2380 2389 5271 791 5729.603231255513
2381 2382 5719 2513 5441.028516067645
2381 2387 1924 342 355.09906141751486
2381 2405 5736 1931 3554.7846539351403
2382 2391 4581 335 7390.947945205224
2382 2404 1374 573 1394.5679337701163
2382 2393 788 161 670.3210282131231
2383 2384 2031 1692 3380.714007562106
2383 2389 63 8 63.05410452301179
2384 2392 3010 731 2991.2571779032232
2384 2390 2073 727 3174.897787965866
2385 2392 3939 1562 5165.091951098188
2386 2389 8036 2250 9558.018166989872
2386 2390 1 1 1.1460845168657305
2386 2391 641 275 652.0809579642018
2386 2388 1547 416 1831.5057305180826
2388 2391 3039 29 3973.2601723971925
2388 2404 6823 4803 8614.160628949588
2390 2393 518 421 652.9662855829141
2390 2394 3842 3476 4389.7878203186965
2391 2393 2750 1637 4218.8316181048185
2393 2406 1977 664 2095.1169830040362
2393 2407 6472 4 6471.997686315741
2394 2408 8968 7703 11593.809624861025
2396 2398 6708 1765 6742.022554286324
2396 2399 8060 2495 8113.61726880919
2397 2399 9570 4898 10608.60964101461
2397 2562 5652 4960 4030.8730277150803
2398 2401 7998 7476 7719.521855364575
2398 2400 9858 9778 6181.819424406333
2398 2563 7744 2562 3745.9628251820764
2399 2563 3903 3739 4748.373430728137
2399 2564 7280 6335 11247.386765822013
2400 2401 5615 3888 7620.522790610017
2400 2402 779 312 1152.211005070457
2400 2403 1858 940 2304.6021549778425
2402 2405 4219 2763 6892.788199546425
2402 2410 6981 898 6889.869464735362
2403 2565 5997 4178 3712.635228065566
2403 2410 1509 53 1508.9740791987062
2403 2567 5019 155 4065.730552064722
2405 2411 4613 4061 5424.975539453079
2405 2412 463 133 496.04792926981224
2406 2408 5378 1851 2708.219882286101
2406 2409 9403 5621 3372.315673840323
2407 2411 2970 43 2975.9388521847172
2407 2414 5154 3015 3797.2400782107825
2407 2572 7551 5965 3846.6649638359286
2408 2409 4640 606 2856.7260068172945
2410 2412 798 460 858.6049294833593
2410 2585 8681 8320 3297.998624572295
2411 2413 6536 2988 10154.504687505849
2412 2413 6664 4062 2189.7220372779934
2412 2571 8921 1613 9107.886917650207
2413 2572 3562 2461 2795.7387722375042
2413 2573 3280 722 3778.1254051442065
2414 2575 6240 2646 10352.508295625941
2416 2417 7976 6989 8500.616567879073
2416 2418 656 383 614.4473594286138
2416 2419 541 539 384.4676633905248
2418 2420 8118 4119 7430.207785300121
2418 2421 9440 5415 6852.489399857871
2419 2436 9938 2323 9972.37040949224
2419 2437 5593 456 1689.2305695923737
2420 2421 9548 4474 7530.8448920432675
2421 2437 9733 7162 14503.73274404133
2421 2440 3802 271 3803.826544812087
2421 2441 1777 1407 938.6346805504915
2421 2442 5172 4786 9044.362195462198
2422 2425 4155 3349 6660.380431114577
2422 2436 5676 4415 5102.943048004815
2423 2424 3197 2663 3309.1722678438014
2423 2434 3656 981 2391.0882147898365
2426 2427 6596 4501 7373.078577528742
2426 2484 8285 546 8065.301180832272
2427 2428 3134 1005 2012.1990463075235
2427 2429 4936 1153 4982.9686709979105
2427 2430 991 544 778.1443021107444
2428 2434 4040 2577 2310.3002858840105
2428 2433 1168 158 1005.9024016312286
2428 2435 7742 3986 10297.103310544535
2429 2485 1060 181 1059.784480755736
2429 2492 7873 7110 7219.1811942404975
2430 2435 8065 7243 10096.588119832368
2430 2487 5894 450 5745.410416170809
2431 2432 1297 751 1514.5249706072925
2431 2436 5021 3735 6289.5394395355615
2431 2438 6557 2058 2368.704557088011
2431 2443 18 3 17.974676964090516
2432 2433 8319 1445 6803.108868193845
2432 2434 8491 6929 11842.675945868554
2433 2443 103 80 97.9848080193164
2433 2444 9315 6452 10390.602562188087
2435 2486 9488 5540 10126.632927689603
2437 2438 9600 7845 18618.405946718958
2438 2439 2950 308 1307.1066970016454
2439 2443 9995 1791 17939.6091543824
2439 2440 5111 2503 7417.236649309726
2439 2446 6444 2269 6025.721706000327
2440 2447 5574 661 5569.458943908214
2440 2448 5226 1016 5360.537094445156
2441 2450 9609 6956 7839.571590301081
2441 2442 990 248 1004.1649823161948
2442 2465 7383 528 5589.551887580432
2442 2466 5712 5132 5788.839251782261
2443 2445 7454 1402 711.8845493017994
2444 2486 8685 8271 9070.010206086537
2444 2499 6925 2366 7967.34527066769
2445 2513 9080 4586 10718.402650190106
2445 2446 9507 6519 7125.94770868549
2446 2517 852 805 472.5949897441745
2446 2533 610 116 724.2162130863759
2447 2469 9540 3517 11594.58259853837
2447 2448 6982 409 8234.341724516811
2448 2519 2787 624 1778.2619094233523
2449 2451 5895 154 5891.213659949516
2449 2464 8357 3965 11048.341831923493
2450 2464 6670 1492 6670.190206230952
2450 2465 1185 353 652.6888669289706
2451 2452 4809 1502 4804.8738805567
2452 2464 9609 6362 15771.413494919872
2452 2468 7139 6358 11182.729501959726
2453 2455 6734 5294 5315.135122601155
2453 2456 6209 2609 5744.503418886445
2454 2468 3865 1258 3418.261345928899
2454 2478 209 100 56.33653470898656
2455 2456 8046 1893 7796.211652896276
2455 2459 3263 2979 1996.8258126856983
2456 2460 3997 1644 6757.809932537815
2457 2458 8333 7594 4525.296053920339
2458 2461 8683 1655 7838.575948068494
2458 2462 959 684 1034.2726817455796
2459 2475 570 170 677.2105712226556
2459 2476 1631 148 1521.697435150758
2461 2548 9610 7466 12308.717789974773
2461 2477 1633 1610 2470.5002592698747
2462 2463 1046 738 851.5453627169795
2462 2475 3960 1442 2345.0103760310367
2463 2477 2636 2356 2434.8418988673934
2463 2480 193 192 218.96304321557562
2464 2467 4207 2827 2984.519713596347
2465 2467 7142 830 6620.319031710461
2466 2469 7555 489 7546.032859281378
2466 2470 4119 3294 3580.6113579920693
2467 2468 6511 4964 6644.561787467462
2468 2472 4079 1249 3953.7405051730207
2469 2471 4753 2626 5624.404949980007
2469 2470 8619 5162 7976.101519394974
2470 2473 2323 468 1780.6712279655908
2472 2473 3710 3679 3565.791622081682
2472 2478 7443 1630 8752.053101919964
2472 2474 3978 1261 3670.2044882056653
2473 2474 9110 8649 4433.593264639973
2474 2520 4427 2108 3567.2253723926588
2474 2521 2123 738 2040.010744819086
2475 2476 7363 5033 3900.81299735209
2476 2478 169 129 272.25073257717673
2477 2556 4859 4066 5174.336331257802
2478 2479 2307 2301 2717.641630722621
2479 2482 4103 248 4258.783886000936
2479 2523 8841 6173 8263.889176859411
2479 2520 3556 2175 3234.131605498033
2480 2481 8485 163 8480.842580887544
2480 2482 293 248 273.28376066661235
2481 2556 7096 1119 6696.18564346122
2481 2558 8341 7244 914.6110301274123
2481 2526 3668 757 3654.5040305198363
2482 2483 8243 3445 8572.826259586725
2483 2523 9980 3908 6313.90086550132
2483 2526 3855 421 5997.394638830852
2484 2492 4384 737 4149.182171587175
2484 2494 1593 1531 996.0099177045554
2485 2492 8355 3591 13600.022129230798
2485 2495 6440 6355 1074.6718158351769
2486 2490 6007 5560 10510.941179265785
2487 2488 8154 1280 8654.809494878975
2487 2489 8503 4957 11657.86674514882
2487 2497 4735 695 5171.4470568279
2488 2490 7534 1017 6500.873153167495
2488 2491 3506 1847 2571.6717349664373
2489 2504 4121 4043 4406.298899971845
2489 2506 5066 3751 6737.8636715141965
2490 2491 9648 9578 8363.737731819605
2491 2500 2150 1820 3275.3462699833713
2491 2499 6422 5682 9534.293016606365
2493 2494 7460 4328 5205.028818490118
2493 2495 8405 8031 7414.628127067289
2493 2502 7865 3611 5369.591576873217
2495 2498 7494 6718 3677.369665376982
2495 2503 8400 3147 7229.985125764997
2497 2498 7620 4617 7628.15168613722
2498 2504 8753 4563 10668.330765477436
2499 2510 4720 757 2573.3190959029967
2499 2512 4279 2501 1242.556784780349
2500 2506 5130 3380 1800.2254647506836
2500 2510 3065 1662 1304.1179662790341
2501 2811 5625 3196 8501.014682278093
2502 2507 4789 1437 4045.0058145041153
2502 2503 1150 176 1262.8558698945799
2503 2505 9577 4974 6235.046851215197
2504 2505 7021 5183 4966.461314317599
2505 2509 2826 1084 2356.5317961709125
2506 2509 9193 7440 13579.964095454008
2507 2508 4686 1458 6794.003976479196
2508 2516 9339 8689 1327.099629223945
2509 2511 6210 2929 5435.031571022359
2509 2516 4231 1661 4765.710829896082
2510 2511 2461 610 1668.3660234872013
2511 2514 3774 715 6513.696953843534
2512 2513 9119 5471 11193.188752008327
2512 2514 9916 8032 2939.751656402219
2513 2515 214 44 210.75651775711398
2514 2515 879 843 303.7550859042987
2515 2517 2795 2369 4991.267975326551
2517 2518 8520 8253 11839.00532759887
2518 2533 2903 470 2905.577297286975
2519 2521 1659 1585 2198.8048199050854
2519 2533 2746 885 2911.3920495057173
2520 2524 4750 3173 5987.269335516776
2520 2525 4338 1588 3058.0796777822184
2521 2522 1766 330 2308.984021491797
2522 2535 8293 2236 8085.744383684313
2522 2531 400 242 555.3227656942314
2522 2537 1457 447 1336.0984258973426
2523 2525 3656 3142 4100.411747639343
2524 2530 5044 3415 3722.6329028287896
2524 2531 6273 469 7280.635317464644
2525 2527 4036 1504 3617.7554584966524
2525 2530 4291 2987 2903.281262271804
2526 2595 2655 331 3160.7230063181623
2526 2529 7149 5328 5512.202348533744
2527 2528 8410 2486 10259.618427495401
2527 2529 234 124 324.89195888893875
2528 2542 7338 3299 7587.104471199088
2528 2544 6396 3235 5654.5129629925195
2529 2596 8315 4260 11422.386777560008
2529 2602 9405 2807 10910.54435262893
2530 2532 9271 7425 942.2023037099311
2531 2539 4517 1826 5982.155030452429
2531 2540 5178 4948 9087.36407147743
2532 2539 1096 1060 1257.3013063064404
2532 2542 8779 7353 8174.05820671001
2533 2534 335 304 192.06958926614053
2534 2535 1353 429 1578.1723824139438
2534 2536 8813 8757 7401.283804039839
2535 2536 5571 655 4540.3167725435505
2536 2538 1650 1012 300.2978970855942
2537 2538 3515 801 3543.5188018732747
2537 2540 9260 5110 4880.381010353365
2539 2541 7798 39 9522.409624785576
2540 2541 6393 466 7216.837607050305
2541 2543 1828 1561 1032.043256537923
2542 2543 9014 6083 12731.230164303293
2543 2615 3982 942 5268.34034859674
2544 2614 6338 3564 7140.635572895263
2544 2615 6706 3996 2549.4469439678123
2545 2546 4384 1087 3115.072971998306
2545 2547 5776 3064 8225.09245173587
2545 2549 2910 2048 3399.7465204809005
2546 2548 6693 4761 6869.034004146058
2546 2550 6238 1280 7569.81636587002
2546 2551 2833 2742 3011.8403243279154
2547 2548 4794 3330 843.5247082377318
2549 2550 5695 4648 5227.716423884529
2549 2554 834 469 858.4848265945923
2550 2553 2097 543 1946.3766495077655
2550 2557 9935 9516 4909.585221176036
2551 2556 4210 2422 5759.043027391741
2551 2557 5170 3050 6592.938627952506
2551 2558 7121 2081 10853.320891962938
2552 2554 7783 2752 4417.2462861104395
2553 2577 7926 1107 3232.145666989585
2553 2579 8197 2671 7733.887327528642
2554 2555 9561 5292 9885.80846582459
2555 2562 6028 1463 8014.809300967689
2555 2577 5324 441 5321.577372186901
2557 2559 7795 1938 10715.458359425756
2557 2599 6907 3300 8092.879077566727
2558 2595 8007 7304 3830.535325803577
2559 2560 9465 2933 9976.208778005916
2559 2606 3999 3217 4413.066142631568
2560 2561 7604 6476 9225.512951187322
2560 2599 2384 794 2506.912020397528
2561 2606 8402 239 8404.206616929645
2561 2607 4610 563 1994.8817709333866
2562 2568 7397 1892 7319.081474680559
2563 2565 2828 1102 2370.343578103707
2563 2564 4157 3428 5675.5896420876525
2564 2568 4727 4338 8619.155838124389
2564 2570 2019 1389 1738.0293962791613
2565 2566 4974 4143 1136.154070796427
2566 2570 2741 1172 4566.7233914976005
2566 2567 4102 1125 4005.1836773868977
2567 2582 8518 147 9120.96241210698
2567 2583 8700 4534 7007.958022670031
2568 2569 7296 347 1695.6837064172444
2569 2578 3853 3501 1700.302861641373
2569 2570 6466 5020 1829.041371945455
2570 2581 8945 416 3212.2447794950826
2571 2573 3781 3538 6938.479088836236
2571 2585 9768 7083 4764.538930951016
2571 2587 6619 3727 2661.261814282663
2572 2574 9889 9362 11976.346621630222
2572 2575 141 85 129.40268776373404
2573 2574 4214 1724 6585.170867708579
2574 2576 3311 1184 2533.7472938721003
2574 2591 5952 5502 4796.975080167357
2575 2576 9325 9062 10139.464110424045
2576 2594 4440 4011 6415.064071213872
2577 2578 2415 2138 3110.394155057569
2578 2579 6559 3816 8088.586221694904
2578 2580 2143 81 1791.4251833616167
2579 2607 8208 2516 7497.294808928174
2580 2607 8382 5394 4585.380686836266
2580 2581 5100 3055 5524.664484292217
2580 2612 1233 577 741.2981454339075
2581 2612 3223 2665 4928.407847325588
2581 2582 5735 2644 1233.589480961844
2581 2628 503 357 386.96988301577727
2581 2629 6341 3038 4978.25587742132
2582 2583 948 326 843.6653548432021
2582 2584 9765 2509 6946.061331371218
2583 2586 7166 3132 5941.191089433393
2583 2585 3646 431 3645.6511491447686
2584 2628 5656 1147 8356.662717766556
2584 2631 549 203 640.3815755725661
2584 2588 3361 262 4362.301776148717
2586 2587 5605 429 5601.976646598196
2586 2588 2391 1672 3405.787918215467
2587 2589 6621 6353 6803.390173920263
2587 2590 83 71 84.7291229241432
2588 2590 2974 832 3410.7201742468583
2588 2637 8096 2970 8058.841644854665
2589 2591 5911 2545 9902.243306356206
2589 2592 2053 692 2067.8392502844536
2590 2592 3783 564 3780.0367212605224
2590 2640 8107 1076 7983.224342826499
2591 2593 218 184 191.67858031524705
2591 2594 4986 2445 1320.0968159889221
2592 2593 3091 2420 3589.340348146081
2593 2641 8390 3413 13477.883041991943
2593 2642 3431 3035 2269.032839942638
2594 2642 6384 4140 6207.939373546229
2595 2599 6403 2640 5558.925903364931
2595 2597 4489 1682 4939.618427077298
2596 2597 4570 381 8358.572135191482
2596 2598 8690 2647 7528.995917790999
2597 2601 7577 2712 7545.17823245032
2598 2603 5706 4100 8628.463739557104
2598 2604 6482 2331 9084.456901867241
2598 2617 4034 3277 1116.713400164629
2600 2601 8812 8493 10748.368950277683
2600 2608 5388 2454 3906.651141199414
2600 2609 1242 325 903.1741663672813
2603 2614 1289 728 1318.2460013410414
2604 2605 2017 658 2876.003209064223
2604 2619 3242 2644 1383.7168390732504
2607 2610 6976 6333 10653.316884904973
2608 2610 5116 1286 5485.01532178421
2608 2623 3170 2492 2010.2990680943203
2609 2620 6340 1048 8425.825800098975
2609 2622 5684 3473 6374.931340255356
2610 2611 6728 4895 2237.3993337153415
2610 2612 8555 1358 8246.675981132565
2610 2613 7923 4457 8195.380766957567
2610 2625 3069 1608 5919.269327735653
2611 2625 8753 3154 8418.75845902139
2611 2626 5100 563 3686.2117767327777
2611 2627 6219 5089 5473.527033299738
2612 2613 3129 2459 3656.1043118140265
2613 2632 1370 200 1220.7349614053855
2613 2629 9112 1063 10007.471702303214
2614 2616 3488 1214 2464.7137854042585
2615 2618 5772 4312 8740.435639982683
2616 2617 2295 1557 1608.579063307503
2616 2618 7220 410 2861.0367809229924
2617 2619 3711 1062 3666.6493516764276
2618 2621 7820 284 4223.633446792998
2619 2620 4801 3814 8432.084766928674
2620 2621 5905 4848 5778.701148396525
2621 2624 604 393 198.02858739172845
2622 2623 9060 7520 12177.395533828378
2622 2624 5918 1257 5884.562615227507
2623 2625 9680 5565 6323.847143056099
2626 2632 5200 4477 4890.067739521921
2626 2638 2465 364 2465.5089692537554
2626 2647 1360 1131 1015.2147699354603
2627 2647 873 862 542.3217127804039
2628 2630 1316 391 1265.496118298372
2629 2630 5144 3547 3527.4457613924837
2629 2635 5261 4218 5864.589557137902
2630 2631 9312 1224 9099.81631556083
2631 2636 1363 763 1403.1231441628406
2631 2637 5190 205 5189.6782520958495
2633 2634 8015 7607 4930.668468268525
2633 2635 3175 3050 5133.924491055651
2633 2638 8087 1093 14138.287296776876
2635 2636 7001 2640 2333.467565600303
2636 2639 1666 49 2816.4417739496157
2637 2640 6227 3685 3569.352735075374
2637 2651 2804 1570 1690.6917379816111
2638 2648 9957 7663 17438.514339074896
2638 2649 3777 2944 1629.5350763970082
2639 2648 9106 5252 8054.6773243832295
2639 2651 7967 6923 9016.137686669617
2639 2652 4846 3664 1361.1449606468075
2640 2643 6284 5488 10195.634141361148
2640 2641 5088 258 2796.743589328193
2641 2644 8095 5286 10789.110040028616
2641 2646 7815 4546 10961.601119817746
2642 2646 2650 1552 2022.5757491332292
2643 2644 2557 658 2069.2525248933457
2643 2645 1805 1780 2520.8175924251514
2644 2655 4660 2404 8080.257872489619
2645 2651 8338 6357 9755.017149789302
2645 2653 3801 1924 2641.9684577542425
2645 2654 8735 8098 12329.342291183528
2646 2658 4784 1621 5275.540817733564
2647 2649 2622 1434 2497.4713022862857
2648 2650 2893 615 2570.6867730856893
2649 2650 6719 840 6622.351251545572
2653 2655 7689 1450 7687.879340783439
2653 2656 2747 664 2695.3911561018535
2654 2656 8254 1138 9780.086490137675
2655 2657 3746 980 4233.563972441085
2655 2658 835 403 1616.5577679358341
2656 2657 4782 2397 5188.986326088319
2659 2660 8400 8122 5523.294254821514
2660 2662 3909 2166 3817.5203320970513
2661 2662 1640 183 2414.287231138948
2662 2663 2907 657 3763.2179029132703
2663 2664 2434 1032 2112.3895684572453
2663 2665 5211 3051 8138.051091233711
2664 2667 4535 2955 2927.0705960337145
2664 2668 9344 8562 14564.863696232182
2665 2676 1483 932 1248.0503041173915
2665 2677 6417 2847 6712.068803273955
2665 2675 8284 2222 8489.091909791583
2666 2667 2759 2641 2881.0723452231964
2667 2669 9435 8483 12769.72733168937
2667 2670 6758 861 8159.744326368457
2667 2671 5800 4646 5499.130366629188
2668 2676 1076 63 1076.6159426122626
2668 2671 883 251 778.2239087297153
2668 2681 3654 1610 3729.3291840469105
2669 2670 863 14 523.37368764278
2669 2685 3652 2205 3862.052927178446
2670 2686 9558 7719 13820.092143222148
2670 2687 1790 588 2345.8681045386584
2671 2682 8671 7520 15209.125900543577
2671 2687 4108 1872 6023.46420614711
2672 2675 7110 6059 11445.678434190233
2672 2716 9376 1672 12344.841357436293
2673 2674 5802 3726 4795.024899115315
2673 2714 3146 322 3109.819649066668
2674 2712 2818 2241 3123.5917370224943
2674 2713 2588 1439 2707.174454746798
2675 2677 4836 3590 5086.741684588763
2675 2679 9508 6726 10590.10627782222
2676 2678 3335 2506 3234.588156308049
2677 2678 8223 3532 11054.800915008178
2677 2680 4722 1487 3852.5257070603616
2678 2681 5129 995 5036.048457768998
2678 2680 9562 710 9557.472399989
2679 2716 377 6 283.34613057231024
2679 2720 5144 1337 2722.7373537525423
2679 2719 2020 269 2448.165667034851
2680 2720 3244 1179 3738.175276035214
2680 2722 9257 5591 10997.371649984709
2680 2723 1102 538 1359.732051503035
2681 2682 8619 5062 3746.1528430271455
2681 2683 2257 241 3126.798540161996
2682 2684 6289 2581 5329.937543748099
2682 2725 4628 216 4627.943258716171
2683 2722 2956 179 2311.1434178551353
2683 2724 2883 2031 3275.6040552281497
2684 2687 4149 509 4146.9650123186275
2684 2699 9959 7555 7336.993301671231
2684 2728 1411 1193 1410.5809391437442
2685 2688 4794 3560 6247.39720981247
2685 2686 6304 3128 4245.225937416478
2686 2689 266 100 268.2318355691259
2686 2690 7530 2290 7575.240716366371
2687 2689 2179 339 2180.000562909405
2688 2691 6704 2646 6393.261440476295
2688 2690 3458 1395 4693.186572061404
2689 2698 9874 9189 6155.03675636693
2689 2699 1 1 0.49731217678487427
2690 2698 1130 223 1334.2331906243307
2690 2704 9506 8371 13021.824662926638
2691 2692 6569 6352 8583.932263395605
2691 2693 3062 2262 5333.693222392036
2692 2694 9562 7464 9765.722644947615
2692 2695 7745 6822 10699.027996411915
2693 2704 901 833 1126.718443384341
2693 2705 4413 1572 7944.704018830299
2693 2695 8651 6503 8713.716583513447
2694 2696 961 407 754.7354827552849
2694 2697 740 59 878.2311545305828
2695 2707 5751 4683 2372.0578668631665
2695 2706 7762 7013 8461.13291937484
2696 2770 8973 7747 5548.641001902477
2696 2697 8880 8391 10391.253256762246
2697 2772 8337 8269 7427.745900439498
2697 2707 9707 2092 14788.648502335596
2698 2700 6476 784 7235.77749472546
2698 2704 5336 4525 3724.8045846728505
2699 2700 5397 2122 5566.907462007848
2699 2701 3973 1084 4735.9669964762425
2700 2702 4365 2748 1131.82413040956
2700 2703 4285 2646 7050.600039756517
2701 2728 5833 4146 9387.467582666139
2701 2703 829 449 809.03788480969
2701 2755 2454 68 2453.3242153442493
2702 2705 7889 3302 7295.931956454173
2702 2708 9165 2531 13211.564237411536
2702 2750 3377 3133 3743.590363281946
2703 2750 4384 3109 4184.2279022461935
2703 2756 5069 3517 5841.414905854141
2704 2705 5597 4211 5260.157834814453
2705 2706 926 108 935.018759562969
2706 2708 3281 642 2054.9335094598164
2706 2709 3749 2355 994.1733397784218
2707 2777 7696 4007 3740.5719703204086
2707 2709 3018 1101 4231.7976391084985
2708 2710 7129 2133 8931.622853860737
2708 2711 9365 6143 9611.237069714283
2709 2711 6119 2451 9543.230953617352
2709 2790 6806 4882 9969.8457691127
2710 2751 8617 5374 11815.934605821603
2710 2752 8312 6071 8772.024543848504
2711 2790 5831 5131 4373.782177265574
2711 2752 6076 4380 5885.02327362068
2713 2714 6563 6172 10704.969420542853
2713 2715 1151 618 1544.6252542296756
2714 2716 4784 1211 4681.681805087183
2714 2717 9118 32 9117.5901014485
2715 2717 1907 131 2113.0196306271146
2716 2718 6248 773 6116.787886844606
2717 2732 6724 3652 4870.461425502784
2717 2733 7226 1805 8159.46733565002
2718 2719 2962 2145 3980.275076311641
2718 2732 9896 2935 10596.338589836814
2719 2721 7634 4332 6174.723695402457
2719 2729 6624 1910 7270.0232322551
2720 2721 3615 984 5958.510315710032
2721 2723 591 448 438.85162070519664
2722 2724 8136 4242 12254.464628788572
2722 2730 5080 2134 6441.842105412334
2723 2730 8393 3279 11176.589396499596
2723 2731 421 202 479.7943166108133
2723 2738 6881 5123 7574.609558079876
2724 2725 2204 494 1559.9213454161768
2724 2726 7869 3545 6838.762313863723
2725 2727 8920 2314 3233.8781677798625
2725 2728 2566 1334 4051.464895743297
2726 2731 146 88 265.0745709281601
2726 2727 1863 764 2052.399021492839
2727 2742 3320 2603 3673.2074536407335
2727 2746 78 8 77.05875667467058
2728 2742 2755 1677 2820.545584558283
2729 2732 4761 3182 3539.581348775795
2729 2737 8930 1876 6887.5041161869185
2729 2735 7930 3367 6203.723762834655
2731 2738 6066 3764 1261.135863224925
2731 2741 4678 1704 2007.703657824583
2732 2734 1046 172 1380.9574501684426
2733 2734 7758 2680 12242.497537677087
2734 2735 7294 4656 7151.938041405666
2734 2736 2873 1969 2456.021897094565
2735 2739 5736 3670 2558.686920494984
2735 2743 3947 3010 4990.136579520448
2736 2911 1162 92 1161.3995058633545
2736 2743 5765 1163 6029.391162267202
2737 2738 7404 4401 6536.01297385885
2737 2739 341 114 348.32609211130625
2738 2740 868 764 1158.7176196844503
2739 2740 7014 1842 4910.678656376
2740 2744 9116 1876 9968.576330786575
2740 2745 2200 1410 962.8870362129455
2741 2744 6832 6495 3939.4847186887637
2741 2746 3091 958 3381.8281150917796
2742 2755 9725 5201 7064.120584958902
2742 2747 1147 30 1057.4920155780762
2743 2913 9691 1003 9900.640785464677
2743 2745 2050 1384 1865.351513701008
2744 2917 9281 305 9279.369144912282
2745 2917 9412 7603 3417.741080972022
2745 2916 9375 4452 8608.32502109778
2746 2747 891 816 338.21491526495464
2746 2748 2912 1149 1404.734706469538
2746 2749 9057 2609 10502.418075902908
2747 2758 8834 2465 9462.099889847752
2747 2941 2613 1924 2542.8994996761426
2748 2917 6884 2659 6910.534038141635
2748 2920 6665 838 2019.455279455753
2749 2920 5318 1700 5333.577685270876
2749 2941 5231 5181 6437.036850383433
2749 2924 5055 2669 2053.5367383393805
2750 2751 9013 984 8999.755484965275
2750 2757 3928 2532 2329.0510171265587
2751 2753 5037 2865 5546.498475086449
2751 2754 2349 612 2377.617080601915
2752 2754 676 564 610.9240966467286
2753 2757 3765 3027 3243.5572963694185
2753 2763 3512 1618 2933.340284132004
2753 2764 7295 5461 8913.461654497421
2754 2763 8928 1945 9051.091333210843
2754 2829 9240 3826 8418.929789253103
2755 2756 7623 4292 7360.661057608748
2755 2758 5027 2376 4858.724489956695
2756 2757 3911 1076 583.5394992309464
2756 2759 3354 2704 4339.3008156480755
2757 2761 2902 1124 2361.829821237214
2758 2759 8698 2693 9026.19514058709
2758 2760 1337 58 489.6729534510596
2759 2761 636 434 610.3100985958498
2759 2762 5148 3713 8992.031812993571
2760 2941 9823 5691 16641.108089218065
2760 2944 996 765 1056.5878662851978
2761 2764 422 173 652.3395610172573
2761 2768 1878 1819 245.15370325506413
2761 2762 184 92 145.8046783781539
2761 2946 2044 1927 949.7607381224033
2762 2943 4097 3687 6208.781962546277
2762 2945 156 152 155.21549506378653
2763 2765 3836 3655 4729.110051963806
2763 2766 6882 2574 5627.340927501153
2764 2765 312 118 416.4662026864162
2764 2768 854 309 929.0559900458833
2765 2767 9489 5567 10378.355849575511
2765 2766 2186 275 3693.9974643140567
2766 2835 2776 1322 1179.4875221148945
2766 2853 7108 1718 11064.986382520992
2767 2768 3637 1979 3256.9300971830507
2767 2769 5894 3534 4091.1168893069134
2767 2950 5358 4781 5151.909972961036
2768 2949 4897 1017 5212.476833248248
2769 2853 4429 4107 4400.634114032153
2769 2856 837 99 837.819081653954
2769 2951 6443 3012 6047.317654819519
2770 2771 9563 1615 6601.154498433918
2770 2772 8418 7261 12878.3348287003
2771 2773 7115 858 4671.008489702541
2771 2774 4205 1363 5392.18510580726
2772 2774 6094 1198 6748.513519148545
2772 2777 6620 4134 9045.774262842338
2774 2775 2022 1710 2182.1247117689086
2774 2778 5790 5229 3583.69021420888
2775 2779 9897 5169 9200.453522892903
2775 2780 2949 1387 2654.3620007397685
2776 2779 1099 447 1041.2463133002473
2777 2778 9961 2971 10290.615712714285
2777 2788 8454 3572 10635.716229677262
2778 2780 5808 2929 5497.1802067934705
2778 2789 1252 841 1444.2226519748401
2779 2784 2929 1470 3130.873930639603
2779 2785 7485 6475 10053.440157698635
2780 2785 7861 2346 7660.623074544624
2780 2792 3317 16 273.94919822048405
2781 2783 2457 1675 1616.8551177760135
2781 2784 4680 4488 7165.54323386603
2782 2783 8705 992 11921.744012279169
2783 2786 2699 1152 2723.4725744361185
2783 2787 9175 7642 12750.160239344177
2784 2786 2219 119 2311.78871975996
2784 2795 9438 6214 10203.9392973541
2785 2795 7201 3578 5499.077749992177
2785 2793 3966 2663 5524.0602428277525
2786 2798 8461 6078 12103.284847275852
2786 2796 6927 2454 6788.757851086303
2787 2808 5471 381 4163.728253724665
2787 2798 4236 2484 4368.399183319857
2788 2790 4009 735 3224.6842000890647
2788 2789 6619 4523 6338.131016012558
2788 2791 532 105 740.4633152835629
2789 2792 9775 1486 5894.506742820381
2790 2791 5653 3086 6464.224214574523
2791 2794 2609 2410 4195.059305182271
2791 2829 9296 3300 11300.570021658572
2792 2793 7892 2339 2672.379957749106
2792 2794 3010 523 3010.243114704498
2793 2797 8908 309 13737.601874459902
2793 2833 3058 1272 315.52570117178254
2794 2830 3843 2558 2548.5392194716333
2794 2831 6034 4482 6059.709055228175
2795 2796 2790 1032 2513.8246896321853
2795 2797 4693 3988 5471.092006092475
2796 2799 7302 7068 8065.884175521588
2796 2800 6670 4655 3654.7952839978366
2797 2801 5991 4842 2768.01049727557
2797 2802 9863 5884 8618.187914529813
2798 2816 8347 1240 8343.82675617848
2798 2800 3510 2173 3297.55515513025
2799 2801 7309 5445 4255.013731510865
2799 2804 5261 5195 4959.960211645595
2799 2803 1308 1071 721.2093951231794
2800 2804 4926 1976 4073.8412820577814
2800 2817 9049 5195 10659.330898042996
2801 2803 6292 5486 6852.8920445308595
2801 2802 9958 581 6144.350678575796
2802 2841 3409 3085 3005.8433919522063
2802 2842 7249 1873 6259.980737819149
2803 2805 9959 2918 13059.809405787468
2804 2817 5891 377 5892.6335714533925
2804 2805 6220 4796 6136.236470781071
2805 2849 1312 804 698.6908541419566
2805 2874 9104 4925 3974.480738476319
2806 2807 2299 1282 2272.9115954749473
2807 2813 7218 5071 10315.325021392151
2807 2819 9902 8641 10220.292372056874
2807 2818 4921 2006 5033.217112251737
2808 2816 2636 2451 3081.8263181817656
2809 2810 1811 812 1004.9633362359956
2809 2811 1712 375 924.9804717946006
2809 2812 4578 2063 7091.523762390621
2810 2815 6467 4052 7005.228260147633
2810 2825 8117 2471 8473.732291400947
2811 2815 5202 1052 3724.6754086648402
2812 2813 4978 2292 4946.271782119859
2812 2824 2039 1908 3145.42261935866
2813 2814 8906 519 8891.555956687662
2814 2819 3675 3317 4504.591791379331
2814 2821 5769 3265 5241.009368367081
2814 2822 6850 1410 7032.692576355888
2816 2818 5241 4538 4208.182593578007
2816 2817 1026 815 831.2324573393312
2817 2818 5390 4112 2813.647150641706
2817 2820 4210 3474 2739.1263969523616
2817 2874 3126 177 1447.9615902370433
2818 2819 6468 2189 5737.751819100956
2819 2820 876 501 917.8664876131862
2820 2821 9065 5654 9647.267688291367
2820 2875 7688 7120 4278.376902480118
2821 2822 2835 431 2860.0475268811547
2821 2823 5716 3573 5456.7204945001195
2822 2824 7614 1756 8015.076458874285
2823 2875 7545 6868 8543.383017064476
2823 2826 2028 102 3072.7466078174125
2823 2877 8473 7093 6884.646525145569
2824 2825 8992 5581 12126.397787727543
2824 2826 8548 1164 8525.868300340904
2825 2827 2690 408 4771.885928993413
2825 2828 7634 2306 11018.033741201789
2826 2827 769 386 584.9301495753222
2826 2882 2009 377 963.285893156462
2827 2883 5761 1825 10466.731054749196
2827 2884 4236 2523 2001.233716656213
2828 2885 5299 4410 2256.0610842346277
2829 2834 6984 6567 11249.367426380893
2829 2835 854 607 840.011487268331
2830 2832 9219 3220 11151.473706077995
2830 2833 9728 5637 9459.746176586983
2831 2834 6169 4472 6716.863934591707
2831 2832 5154 1409 2029.1849174343079
2831 2838 969 262 851.814611731065
2832 2837 8486 4891 7758.906204942025
2833 2842 8063 3088 3839.505974259875
2834 2836 9465 9331 13384.294766198038
2835 2836 2482 415 3586.946746909378
2835 2853 9164 6434 8275.78025903852
2836 2838 3620 831 3997.0323684383065
2837 2838 8411 4213 7777.711582381565
2837 2840 6934 3583 5684.1002339466395
2838 2839 7555 1486 2696.0985036998263
2839 2854 6121 5803 6109.087417585869
2839 2855 5304 3776 6718.873940264302
2839 2857 6778 5643 7270.007312051441
2840 2845 7665 1741 7632.9310863307355
2840 2855 3044 636 3009.9547478166787
2841 2844 6154 2251 1241.142357331983
2841 2843 4668 289 3530.0157720089665
2841 2846 2570 649 1575.2997516779928
2842 2843 8786 260 8787.183128951672
2843 2845 1501 720 1395.508820780676
2844 2849 1733 136 2258.050673432645
2844 2847 4259 562 3337.5046564540075
2845 2846 6338 1056 4604.4348326822455
2846 2847 9731 4151 9827.871207374159
2846 2848 6068 5236 9330.640270082844
2847 2851 8323 4763 9619.88307611212
2847 2852 422 230 142.03951866214243
2848 2855 7066 259 2370.8753765121446
2848 2852 1056 501 1008.4447537194442
2848 2860 8477 3762 8479.486496474125
2849 2850 2139 741 3617.3994937739417
2849 2851 8074 943 12149.173207514481
2850 2874 5100 1766 8733.655315322338
2850 2876 5237 946 3254.023324389061
2850 2891 3191 3012 3140.108165480698
2851 2861 5215 2914 4695.474865670112
2851 2862 5572 1831 7601.327031547969
2852 2861 2851 2841 2301.8636089294523
2852 2863 8456 6871 12523.936636088685
2853 2854 8270 4474 6099.304310240118
2854 2856 1760 153 1758.4413102312108
2855 2859 4245 3025 5602.843697498886
2856 2857 3661 639 6360.126412316284
2856 2858 5196 4136 2618.138166068605
2857 2859 6010 5760 4348.590589522548
2858 2951 2879 1841 5308.99664186037
2859 2860 6614 6403 2438.743286426026
2859 2866 1298 1159 1766.9478027080431
2860 2867 9876 7249 11119.414722869944
2861 2864 588 532 920.9198890197882
2861 2865 4795 2940 6064.537770900753
2862 2891 1548 1517 2186.1758261206314
2862 2865 866 292 1088.821154393439
2863 2864 7389 165 7388.8894746174965
2863 2869 8102 5580 9337.31465431662
2863 2867 7173 3984 9917.102492959637
2864 2868 68 33 94.19428149455008
2864 2870 7503 4664 9233.207624148792
2865 2868 3767 1505 2992.923513339227
2867 2869 6377 2760 1640.3580090557698
2868 2894 3681 3354 3682.648051803691
2869 2870 2414 314 2576.7466557922667
2869 2871 971 546 853.0964708201932
2870 2872 2559 2312 1320.2402091923088
2870 2873 6173 1522 6214.936826610621
2871 2873 6425 6397 8615.52629483456
2872 2894 7558 6436 7268.966475392942
2872 2899 8870 3852 16287.767228470999
2872 2900 2013 1833 922.8639451510575
2873 2900 9130 3396 4646.753486828304
2874 2875 418 321 733.7950828542354
2875 2876 4040 3297 3938.009050176777
2876 2877 8958 863 4068.1478455208326
2876 2878 4965 3913 2874.983984798138
2877 2879 4300 3724 7781.744450084758
2877 2880 6218 2526 8411.8637886752
2878 2892 10 5 3.1062305731450994
2878 2879 9504 3741 10052.695071075323
2878 2895 3955 323 830.0400019440351
2879 2880 7570 6852 11345.523411712935
2879 2881 2099 1800 3962.6149271918453
2880 2882 7513 1307 10925.982045675197
2880 2887 6953 2028 7437.618937185232
2881 2895 5780 944 5764.741516573973
2881 2898 9482 9342 10118.051606608617
2881 2889 9284 6388 1564.8376036083143
2882 2884 8675 8154 8920.022059185078
2882 2887 8461 7432 11721.792829487242
2883 2885 8970 802 12029.968293872711
2883 2886 4722 3853 8067.3745435745
2883 2884 4389 30 7172.040479220584
2884 2888 6211 1500 6383.062143028639
2885 2886 9553 8048 9572.301944905228
2886 2890 7103 3016 7984.1907022537935
2887 2888 540 28 539.7912538967463
2887 2889 6779 6573 6224.436170886263
2888 2890 7828 2874 5004.722469541167
2888 2905 3468 3188 4645.117713159169
2889 2905 5043 4195 6517.3229087222
2889 2902 3691 2365 7005.14009550338
2890 2906 1073 222 1078.307365196728
2891 2892 7487 1235 11682.03012031482
2892 2893 5127 1729 9386.285230293186
2893 2895 8720 6816 4360.1167408861265
2893 2896 3247 1941 3113.5440896160035
2894 2896 1119 922 1607.599801431942
2895 2897 7651 1674 2321.40092073891
2896 2897 7935 3935 8714.633359957492
2897 2898 9234 4093 5159.09578559688
2897 2899 2921 2550 3548.304739212516
2898 2901 9506 2072 18376.51725195741
2898 2902 8547 3854 7850.6000139746575
2899 2901 5420 2807 5638.21663224263
2899 2903 7720 4555 6624.975027987861
2900 2903 2145 678 2456.690595224403
2901 2904 4020 319 7434.168679635594
2902 2909 3539 1323 2686.878282216855
2902 2904 2202 2067 2970.496082005428
2904 2909 7968 3903 9176.040367676433
2905 2906 6900 4436 10023.113756570134
2905 2907 5554 5009 7974.793433514327
2906 2908 9463 5014 16786.311400972092
2906 2910 3826 1882 5130.826603564216
2907 2909 3032 2374 5035.279885784322
2908 2910 8821 8448 9713.033980947363
2911 2913 8004 5183 5729.16293158624
2911 2914 6323 4326 7583.368667809774
2912 2914 1593 1415 1804.5724797876894
2913 2916 9431 1812 13496.936767454667
2914 2915 6357 3248 5207.021572094447
2916 2918 5000 2786 4009.9452292590618
2916 2919 58 12 57.216951894184795
2917 2918 6192 4855 6278.563628971563
2918 2920 7951 2362 8375.079344848391
2919 2921 8474 4988 15470.06818710269
2919 2929 7304 239 7302.92895521217
2920 2921 5694 11 5694.0816180024785
2921 2922 2445 2109 4690.6803187057685
2922 2923 7273 8 7272.9551671151685
2922 2924 679 380 410.83314497074497
2922 2928 252 47 190.5326768708896
2923 2928 4275 404 4283.450616263852
2923 2931 5071 2759 8518.165605398823
2923 2932 261 168 378.17289792016874
2924 2942 5859 117 6575.820826269341
2924 2947 9888 7088 15445.14359975242
2925 2927 5103 3594 2421.405153824226
2925 2926 4532 1697 6562.995793090344
2926 2970 7697 409 7700.0220588677885
2927 2929 8860 2443 8751.479324042468
2927 2935 4263 1374 3939.614457808502
2928 2929 17 3 11.811658000816822
2929 2930 4399 1261 4508.081016443508
2930 2931 9166 4294 12170.022397156374
2930 2933 2566 1351 2499.9251107594787
2931 2934 5951 2511 8348.281135010611
2932 2947 1516 228 1287.0427274553203
2932 2948 3824 3443 3389.0678628789983
2932 2939 4335 1813 7714.6505314994765
2933 2936 4480 2750 2794.421801138102
2933 2934 9175 6622 5622.645562227117
2933 2938 1369 1059 638.4070147005474
2934 2939 6661 4065 3982.681180046973
2934 2940 8895 3173 8094.455924681451
2935 2936 3247 2432 2622.934973873979
2935 2971 4069 644 3818.8091430543705
2936 2937 5359 4901 6076.046261589987
2937 2973 8687 5501 7395.958947641528
2937 2938 5055 326 4966.725343573934
2937 2975 2265 1025 531.7482055083161
2938 2940 9857 1855 6521.365972527628
2938 2975 5828 3654 6586.853151261115
2939 2953 252 219 390.40935737652296
2939 2956 5075 4723 4083.8442919965833
2940 2978 9706 9220 6201.886623287351
2940 2979 8364 6917 10718.249308844379
2941 2942 3151 2974 3852.953176396509
2942 2944 8068 4192 2313.3406874559287
2942 2947 7827 4342 11269.018548900825
2943 2945 9618 7090 11847.53168456661
2943 2946 4885 526 5097.707030557572
2943 2954 5411 3692 6159.761930317217
2944 2945 9198 8321 9696.46073720903
2944 2952 8312 5244 6754.927724310353
2946 2949 8989 2737 8738.179551074682
2946 2955 3646 2603 4230.063520568315
2947 2948 1132 690 980.8578872930262
2948 2952 5566 1642 5154.599843603277
2948 2953 112 77 167.17709310026635
2949 2950 8941 5695 5942.295468093398
2949 2961 6209 551 4411.836503157758
2950 2951 456 315 322.15450845661024
2950 2963 1610 338 1890.8476874863018
2951 2966 1700 955 2248.7867171700673
2952 2954 2552 764 2075.329069178408
2952 2953 1316 771 2028.343116947718
2953 2957 1927 1453 1597.0727702403851
2953 2958 9275 3813 15284.513435465231
2954 2955 9807 6243 7380.8455736537535
2954 2957 7337 1228 6788.161807955575
2955 2961 6902 4846 5585.824196730371
2955 2962 3177 2195 4680.387979770691
2957 2959 5936 849 8078.1563021426855
2957 2960 7980 3272 8041.354057309514
2958 2960 6593 4597 8085.631684757431
2959 2962 8735 8053 13529.653297154196
2959 2960 4435 2781 4624.942827999493
2961 2963 4828 1272 4802.813765753518
2961 2964 5521 1580 5544.986242106441
2962 2964 9800 3900 13788.381859138703
2963 2965 4189 2647 4164.894246966646
2963 2966 8481 2478 12327.323346913341
2963 2964 1206 536 2401.3156086524746
2964 2968 4342 2839 4950.682260208675
2965 2967 9818 3258 6842.397028375073
2965 2968 7905 4829 1306.1900417818713
2966 2967 144 105 206.88732760757281
2968 2969 3758 544 6621.391030984079
2970 2971 6346 734 6348.25380896009
2970 2972 8055 3094 13538.996151660693
2971 2973 3777 2399 4669.030394221599
2973 2974 6842 5277 8872.548174607857
2974 2976 379 247 429.127787440121
2974 2987 4326 3813 5681.657077634264
2974 2994 9266 1958 7191.991951665344
2974 2995 953 62 1404.5182103373118
2975 2977 537 330 772.6604069497364
2975 2994 1102 195 1097.246989048462
2977 2979 1726 671 1982.1571530724573
2977 2980 5393 5099 5703.390306182737
2977 2994 4328 1605 4912.622671524282
2978 2979 482 229 626.0211227199552
2979 2980 9735 4150 9851.10240098365
2980 2981 5519 2044 6190.694227930153
2980 2996 9976 3809 16059.020753018389
2981 2997 6872 6829 2816.934836999498
2982 2983 5176 387 3122.1147539926023
2982 2984 9233 9004 4494.043552956364
2982 2988 1110 871 939.0998453813806
2984 2985 1777 164 2093.9762895904605
2984 2986 6222 4297 2263.1556397252707
2987 2993 2929 1177 3052.3779493986754
2988 2989 2357 1519 2266.1995862576173
2988 2990 1848 1305 1697.5595179140307
2988 2992 5097 3901 2209.6710246361995
2990 2991 6177 4085 6227.392166176651
2991 2992 6757 1071 6736.329940637599
2991 2993 2399 9 2398.965133803167
2994 2995 5138 604 2332.167816169427
2995 2996 3871 118 3872.5941427253983
2996 2997 5367 1446 5298.809556042456
2996 3000 9531 5326 10957.329242383086
2998 2999 7706 998 11616.845052449427
